[{"model": "admin.logentry", "pk": 1, "fields": {"action_time": "2024-04-09T21:02:50.793Z", "user": 1, "content_type": 7, "object_id": "1", "object_repr": "Category object (1)", "action_flag": 1, "change_message": "[{\"added\": {}}]"}}, {"model": "admin.logentry", "pk": 2, "fields": {"action_time": "2024-04-09T21:14:26.432Z", "user": 1, "content_type": 7, "object_id": "2", "object_repr": "TV", "action_flag": 1, "change_message": "[{\"added\": {}}]"}}, {"model": "admin.logentry", "pk": 3, "fields": {"action_time": "2024-04-09T21:26:00.956Z", "user": 1, "content_type": 7, "object_id": "3", "object_repr": "Tablet", "action_flag": 1, "change_message": "[{\"added\": {}}]"}}, {"model": "admin.logentry", "pk": 4, "fields": {"action_time": "2024-04-09T21:26:10.518Z", "user": 1, "content_type": 7, "object_id": "4", "object_repr": "Processor", "action_flag": 1, "change_message": "[{\"added\": {}}]"}}, {"model": "admin.logentry", "pk": 5, "fields": {"action_time": "2024-04-09T21:27:57.458Z", "user": 1, "content_type": 7, "object_id": "5", "object_repr": "Headphone", "action_flag": 1, "change_message": "[{\"added\": {}}]"}}, {"model": "admin.logentry", "pk": 6, "fields": {"action_time": "2024-04-10T03:03:51.517Z", "user": 1, "content_type": 10, "object_id": "1", "object_repr": "Processor", "action_flag": 1, "change_message": "[{\"added\": {}}]"}}, {"model": "admin.logentry", "pk": 7, "fields": {"action_time": "2024-04-10T03:04:02.466Z", "user": 1, "content_type": 10, "object_id": "2", "object_repr": "RAM", "action_flag": 1, "change_message": "[{\"added\": {}}]"}}, {"model": "admin.logentry", "pk": 8, "fields": {"action_time": "2024-04-10T03:04:14.257Z", "user": 1, "content_type": 10, "object_id": "3", "object_repr": "Storage", "action_flag": 1, "change_message": "[{\"added\": {}}]"}}, {"model": "admin.logentry", "pk": 9, "fields": {"action_time": "2024-04-10T03:04:29.293Z", "user": 1, "content_type": 10, "object_id": "4", "object_repr": "Screen size", "action_flag": 1, "change_message": "[{\"added\": {}}]"}}, {"model": "admin.logentry", "pk": 10, "fields": {"action_time": "2024-04-10T03:04:42.563Z", "user": 1, "content_type": 10, "object_id": "5", "object_repr": "Graphics", "action_flag": 1, "change_message": "[{\"added\": {}}]"}}, {"model": "admin.logentry", "pk": 11, "fields": {"action_time": "2024-04-10T03:05:05.106Z", "user": 1, "content_type": 10, "object_id": "6", "object_repr": "Screen size", "action_flag": 1, "change_message": "[{\"added\": {}}]"}}, {"model": "admin.logentry", "pk": 12, "fields": {"action_time": "2024-04-10T03:05:30.915Z", "user": 1, "content_type": 10, "object_id": "7", "object_repr": "Resolution", "action_flag": 1, "change_message": "[{\"added\": {}}]"}}, {"model": "admin.logentry", "pk": 13, "fields": {"action_time": "2024-04-10T03:05:46.279Z", "user": 1, "content_type": 10, "object_id": "8", "object_repr": "Refresh rate", "action_flag": 1, "change_message": "[{\"added\": {}}]"}}, {"model": "admin.logentry", "pk": 14, "fields": {"action_time": "2024-04-10T03:06:02.579Z", "user": 1, "content_type": 10, "object_id": "9", "object_repr": "Connectivity", "action_flag": 1, "change_message": "[{\"added\": {}}]"}}, {"model": "admin.logentry", "pk": 15, "fields": {"action_time": "2024-04-10T03:06:19.055Z", "user": 1, "content_type": 10, "object_id": "10", "object_repr": "Display technology", "action_flag": 1, "change_message": "[{\"added\": {}}]"}}, {"model": "admin.logentry", "pk": 16, "fields": {"action_time": "2024-04-10T03:06:33.989Z", "user": 1, "content_type": 10, "object_id": "11", "object_repr": "Processor", "action_flag": 1, "change_message": "[{\"added\": {}}]"}}, {"model": "admin.logentry", "pk": 17, "fields": {"action_time": "2024-04-10T03:06:44.791Z", "user": 1, "content_type": 10, "object_id": "12", "object_repr": "Storage", "action_flag": 1, "change_message": "[{\"added\": {}}]"}}, {"model": "admin.logentry", "pk": 18, "fields": {"action_time": "2024-04-10T03:06:56.926Z", "user": 1, "content_type": 10, "object_id": "13", "object_repr": "Screen size", "action_flag": 1, "change_message": "[{\"added\": {}}]"}}, {"model": "admin.logentry", "pk": 19, "fields": {"action_time": "2024-04-10T03:08:26.750Z", "user": 1, "content_type": 10, "object_id": "14", "object_repr": "Tablet - Battery capacity", "action_flag": 1, "change_message": "[{\"added\": {}}]"}}, {"model": "admin.logentry", "pk": 20, "fields": {"action_time": "2024-04-10T03:09:30.515Z", "user": 1, "content_type": 10, "object_id": "15", "object_repr": "Tablet - Mobile network connection", "action_flag": 1, "change_message": "[{\"added\": {}}]"}}, {"model": "admin.logentry", "pk": 21, "fields": {"action_time": "2024-04-10T03:10:07.931Z", "user": 1, "content_type": 10, "object_id": "16", "object_repr": "Processor - Number of Cores", "action_flag": 1, "change_message": "[{\"added\": {}}]"}}, {"model": "admin.logentry", "pk": 22, "fields": {"action_time": "2024-04-10T03:10:27.123Z", "user": 1, "content_type": 10, "object_id": "15", "object_repr": "Tablet - Mobile Network Connection", "action_flag": 2, "change_message": "[{\"changed\": {\"fields\": [\"Name\"]}}]"}}, {"model": "admin.logentry", "pk": 23, "fields": {"action_time": "2024-04-10T03:10:38.734Z", "user": 1, "content_type": 10, "object_id": "4", "object_repr": "Laptop - Screen Size", "action_flag": 2, "change_message": "[{\"changed\": {\"fields\": [\"Name\"]}}]"}}, {"model": "admin.logentry", "pk": 24, "fields": {"action_time": "2024-04-10T03:10:45.191Z", "user": 1, "content_type": 10, "object_id": "6", "object_repr": "TV - Screen Size", "action_flag": 2, "change_message": "[{\"changed\": {\"fields\": [\"Name\"]}}]"}}, {"model": "admin.logentry", "pk": 25, "fields": {"action_time": "2024-04-10T03:10:51.823Z", "user": 1, "content_type": 10, "object_id": "10", "object_repr": "TV - Display Technology", "action_flag": 2, "change_message": "[{\"changed\": {\"fields\": [\"Name\"]}}]"}}, {"model": "admin.logentry", "pk": 26, "fields": {"action_time": "2024-04-10T03:10:57.905Z", "user": 1, "content_type": 10, "object_id": "8", "object_repr": "TV - Refresh Rate", "action_flag": 2, "change_message": "[{\"changed\": {\"fields\": [\"Name\"]}}]"}}, {"model": "admin.logentry", "pk": 27, "fields": {"action_time": "2024-04-10T03:11:05.384Z", "user": 1, "content_type": 10, "object_id": "13", "object_repr": "Tablet - Screen Size", "action_flag": 2, "change_message": "[{\"changed\": {\"fields\": [\"Name\"]}}]"}}, {"model": "admin.logentry", "pk": 28, "fields": {"action_time": "2024-04-10T03:11:10.383Z", "user": 1, "content_type": 10, "object_id": "14", "object_repr": "Tablet - Battery Capacity", "action_flag": 2, "change_message": "[{\"changed\": {\"fields\": [\"Name\"]}}]"}}, {"model": "admin.logentry", "pk": 29, "fields": {"action_time": "2024-04-10T03:11:29.458Z", "user": 1, "content_type": 10, "object_id": "17", "object_repr": "Processor - Threads", "action_flag": 1, "change_message": "[{\"added\": {}}]"}}, {"model": "admin.logentry", "pk": 30, "fields": {"action_time": "2024-04-10T03:11:40.049Z", "user": 1, "content_type": 10, "object_id": "18", "object_repr": "Processor - Socket", "action_flag": 1, "change_message": "[{\"added\": {}}]"}}, {"model": "admin.logentry", "pk": 31, "fields": {"action_time": "2024-04-10T03:11:51.972Z", "user": 1, "content_type": 10, "object_id": "19", "object_repr": "Processor - Cache", "action_flag": 1, "change_message": "[{\"added\": {}}]"}}, {"model": "admin.logentry", "pk": 32, "fields": {"action_time": "2024-04-10T03:12:02.512Z", "user": 1, "content_type": 10, "object_id": "20", "object_repr": "Processor - Graphics", "action_flag": 1, "change_message": "[{\"added\": {}}]"}}, {"model": "admin.logentry", "pk": 33, "fields": {"action_time": "2024-04-10T03:12:18.091Z", "user": 1, "content_type": 10, "object_id": "21", "object_repr": "Headphone - Headphone Frequency", "action_flag": 1, "change_message": "[{\"added\": {}}]"}}, {"model": "admin.logentry", "pk": 34, "fields": {"action_time": "2024-04-10T03:12:30.786Z", "user": 1, "content_type": 10, "object_id": "22", "object_repr": "Headphone - Headphone Sensitivity", "action_flag": 1, "change_message": "[{\"added\": {}}]"}}, {"model": "admin.logentry", "pk": 35, "fields": {"action_time": "2024-04-10T03:12:41.763Z", "user": 1, "content_type": 10, "object_id": "23", "object_repr": "Headphone - Type", "action_flag": 1, "change_message": "[{\"added\": {}}]"}}, {"model": "admin.logentry", "pk": 36, "fields": {"action_time": "2024-04-10T03:12:59.696Z", "user": 1, "content_type": 10, "object_id": "24", "object_repr": "Headphone - Color(s)", "action_flag": 1, "change_message": "[{\"added\": {}}]"}}, {"model": "admin.logentry", "pk": 37, "fields": {"action_time": "2024-04-10T03:13:16.307Z", "user": 1, "content_type": 10, "object_id": "25", "object_repr": "Headphone - Connectivity Technology", "action_flag": 1, "change_message": "[{\"added\": {}}]"}}, {"model": "admin.logentry", "pk": 38, "fields": {"action_time": "2024-04-10T03:24:31.662Z", "user": 1, "content_type": 8, "object_id": "1", "object_repr": "GroundTruthProduct object (1)", "action_flag": 1, "change_message": "[{\"added\": {}}, {\"added\": {\"name\": \"product attribute\", \"object\": \"ProductAttribute object (1)\"}}, {\"added\": {\"name\": \"product attribute\", \"object\": \"ProductAttribute object (2)\"}}, {\"added\": {\"name\": \"product attribute\", \"object\": \"ProductAttribute object (3)\"}}, {\"added\": {\"name\": \"product attribute\", \"object\": \"ProductAttribute object (4)\"}}, {\"added\": {\"name\": \"product attribute\", \"object\": \"ProductAttribute object (5)\"}}]"}}, {"model": "admin.logentry", "pk": 39, "fields": {"action_time": "2024-04-10T03:28:25.661Z", "user": 1, "content_type": 8, "object_id": "1", "object_repr": "Laptop - Lenovo ThinkPad X1 Carbon Gen 11 Intel (14\") - Black", "action_flag": 2, "change_message": "[]"}}, {"model": "admin.logentry", "pk": 40, "fields": {"action_time": "2024-04-10T03:31:37.260Z", "user": 1, "content_type": 8, "object_id": "2", "object_repr": "Laptop - Acer Aspire 3 Laptop - A314-22-R73F", "action_flag": 1, "change_message": "[{\"added\": {}}, {\"added\": {\"name\": \"product attribute\", \"object\": \"Laptop - Processor - Acer Aspire 3 Laptop - A314-22-R73F\"}}, {\"added\": {\"name\": \"product attribute\", \"object\": \"Laptop - RAM - Acer Aspire 3 Laptop - A314-22-R73F\"}}, {\"added\": {\"name\": \"product attribute\", \"object\": \"Laptop - Storage - Acer Aspire 3 Laptop - A314-22-R73F\"}}, {\"added\": {\"name\": \"product attribute\", \"object\": \"Laptop - Screen Size - Acer Aspire 3 Laptop - A314-22-R73F\"}}, {\"added\": {\"name\": \"product attribute\", \"object\": \"Laptop - Graphics - Acer Aspire 3 Laptop - A314-22-R73F\"}}]"}}, {"model": "admin.logentry", "pk": 41, "fields": {"action_time": "2024-04-10T03:32:59.606Z", "user": 1, "content_type": 8, "object_id": "3", "object_repr": "Laptop - Apple MacBook Air 13-inch: M1 chip with 8-core CPU and 7-core GPU, 256GB - Gold (2020)", "action_flag": 1, "change_message": "[{\"added\": {}}, {\"added\": {\"name\": \"product attribute\", \"object\": \"Laptop - Processor - Apple MacBook Air 13-inch: M1 chip with 8-core CPU and 7-core GPU, 256GB - Gold (2020)\"}}, {\"added\": {\"name\": \"product attribute\", \"object\": \"Laptop - RAM - Apple MacBook Air 13-inch: M1 chip with 8-core CPU and 7-core GPU, 256GB - Gold (2020)\"}}, {\"added\": {\"name\": \"product attribute\", \"object\": \"Laptop - Storage - Apple MacBook Air 13-inch: M1 chip with 8-core CPU and 7-core GPU, 256GB - Gold (2020)\"}}, {\"added\": {\"name\": \"product attribute\", \"object\": \"Laptop - Screen Size - Apple MacBook Air 13-inch: M1 chip with 8-core CPU and 7-core GPU, 256GB - Gold (2020)\"}}, {\"added\": {\"name\": \"product attribute\", \"object\": \"Laptop - Graphics - Apple MacBook Air 13-inch: M1 chip with 8-core CPU and 7-core GPU, 256GB - Gold (2020)\"}}]"}}, {"model": "admin.logentry", "pk": 42, "fields": {"action_time": "2024-04-10T03:34:40.563Z", "user": 1, "content_type": 8, "object_id": "4", "object_repr": "Laptop - Legion Pro 5 Gen 8 AMD (16\") with RTX 4070", "action_flag": 1, "change_message": "[{\"added\": {}}, {\"added\": {\"name\": \"product attribute\", \"object\": \"Laptop - Processor - Legion Pro 5 Gen 8 AMD (16\") with RTX 4070\"}}, {\"added\": {\"name\": \"product attribute\", \"object\": \"Laptop - RAM - Legion Pro 5 Gen 8 AMD (16\") with RTX 4070\"}}, {\"added\": {\"name\": \"product attribute\", \"object\": \"Laptop - Storage - Legion Pro 5 Gen 8 AMD (16\") with RTX 4070\"}}, {\"added\": {\"name\": \"product attribute\", \"object\": \"Laptop - Screen Size - Legion Pro 5 Gen 8 AMD (16\") with RTX 4070\"}}, {\"added\": {\"name\": \"product attribute\", \"object\": \"Laptop - Graphics - Legion Pro 5 Gen 8 AMD (16\") with RTX 4070\"}}]"}}, {"model": "admin.logentry", "pk": 43, "fields": {"action_time": "2024-04-10T03:38:35.237Z", "user": 1, "content_type": 8, "object_id": "5", "object_repr": "Laptop - Lenovo IdeaPad 320-15ISK", "action_flag": 1, "change_message": "[{\"added\": {}}, {\"added\": {\"name\": \"product attribute\", \"object\": \"Laptop - Processor - Lenovo IdeaPad 320-15ISK\"}}, {\"added\": {\"name\": \"product attribute\", \"object\": \"Laptop - RAM - Lenovo IdeaPad 320-15ISK\"}}, {\"added\": {\"name\": \"product attribute\", \"object\": \"Laptop - Storage - Lenovo IdeaPad 320-15ISK\"}}, {\"added\": {\"name\": \"product attribute\", \"object\": \"Laptop - Screen Size - Lenovo IdeaPad 320-15ISK\"}}, {\"added\": {\"name\": \"product attribute\", \"object\": \"Laptop - Graphics - Lenovo IdeaPad 320-15ISK\"}}]"}}, {"model": "admin.logentry", "pk": 44, "fields": {"action_time": "2024-04-10T03:40:25.176Z", "user": 1, "content_type": 8, "object_id": "6", "object_repr": "Laptop - Lenovo Legion 5 Pro 16\" 7ma Gen - Storm Grey", "action_flag": 1, "change_message": "[{\"added\": {}}, {\"added\": {\"name\": \"product attribute\", \"object\": \"Laptop - Processor - Lenovo Legion 5 Pro 16\" 7ma Gen - Storm Grey\"}}, {\"added\": {\"name\": \"product attribute\", \"object\": \"Laptop - RAM - Lenovo Legion 5 Pro 16\" 7ma Gen - Storm Grey\"}}, {\"added\": {\"name\": \"product attribute\", \"object\": \"Laptop - Storage - Lenovo Legion 5 Pro 16\" 7ma Gen - Storm Grey\"}}, {\"added\": {\"name\": \"product attribute\", \"object\": \"Laptop - Screen Size - Lenovo Legion 5 Pro 16\" 7ma Gen - Storm Grey\"}}, {\"added\": {\"name\": \"product attribute\", \"object\": \"Laptop - Graphics - Lenovo Legion 5 Pro 16\" 7ma Gen - Storm Grey\"}}]"}}, {"model": "admin.logentry", "pk": 45, "fields": {"action_time": "2024-04-10T03:46:19.767Z", "user": 1, "content_type": 8, "object_id": "7", "object_repr": "Laptop - Apple MacBook Air (Early 2020 / i3-1000NG4 / 256 GB / Space Gray)", "action_flag": 1, "change_message": "[{\"added\": {}}, {\"added\": {\"name\": \"product attribute\", \"object\": \"Laptop - Processor - Apple MacBook Air (Early 2020 / i3-1000NG4 / 256 GB / Space Gray)\"}}, {\"added\": {\"name\": \"product attribute\", \"object\": \"Laptop - RAM - Apple MacBook Air (Early 2020 / i3-1000NG4 / 256 GB / Space Gray)\"}}, {\"added\": {\"name\": \"product attribute\", \"object\": \"Laptop - Storage - Apple MacBook Air (Early 2020 / i3-1000NG4 / 256 GB / Space Gray)\"}}, {\"added\": {\"name\": \"product attribute\", \"object\": \"Laptop - Screen Size - Apple MacBook Air (Early 2020 / i3-1000NG4 / 256 GB / Space Gray)\"}}, {\"added\": {\"name\": \"product attribute\", \"object\": \"Laptop - Graphics - Apple MacBook Air (Early 2020 / i3-1000NG4 / 256 GB / Space Gray)\"}}]"}}, {"model": "admin.logentry", "pk": 46, "fields": {"action_time": "2024-04-10T03:47:29.455Z", "user": 1, "content_type": 8, "object_id": "8", "object_repr": "Laptop - HP 240 G7", "action_flag": 1, "change_message": "[{\"added\": {}}, {\"added\": {\"name\": \"product attribute\", \"object\": \"Laptop - Processor - HP 240 G7\"}}, {\"added\": {\"name\": \"product attribute\", \"object\": \"Laptop - RAM - HP 240 G7\"}}, {\"added\": {\"name\": \"product attribute\", \"object\": \"Laptop - Storage - HP 240 G7\"}}, {\"added\": {\"name\": \"product attribute\", \"object\": \"Laptop - Screen Size - HP 240 G7\"}}, {\"added\": {\"name\": \"product attribute\", \"object\": \"Laptop - Graphics - HP 240 G7\"}}]"}}, {"model": "admin.logentry", "pk": 47, "fields": {"action_time": "2024-04-10T03:48:39.252Z", "user": 1, "content_type": 8, "object_id": "9", "object_repr": "Laptop - Dell Latitude 5420", "action_flag": 1, "change_message": "[{\"added\": {}}, {\"added\": {\"name\": \"product attribute\", \"object\": \"Laptop - Processor - Dell Latitude 5420\"}}, {\"added\": {\"name\": \"product attribute\", \"object\": \"Laptop - RAM - Dell Latitude 5420\"}}, {\"added\": {\"name\": \"product attribute\", \"object\": \"Laptop - Storage - Dell Latitude 5420\"}}, {\"added\": {\"name\": \"product attribute\", \"object\": \"Laptop - Screen Size - Dell Latitude 5420\"}}, {\"added\": {\"name\": \"product attribute\", \"object\": \"Laptop - Graphics - Dell Latitude 5420\"}}]"}}, {"model": "admin.logentry", "pk": 48, "fields": {"action_time": "2024-04-10T03:49:53.695Z", "user": 1, "content_type": 8, "object_id": "10", "object_repr": "Laptop - ASUS ExpertBook P1412", "action_flag": 1, "change_message": "[{\"added\": {}}, {\"added\": {\"name\": \"product attribute\", \"object\": \"Laptop - Processor - ASUS ExpertBook P1412\"}}, {\"added\": {\"name\": \"product attribute\", \"object\": \"Laptop - RAM - ASUS ExpertBook P1412\"}}, {\"added\": {\"name\": \"product attribute\", \"object\": \"Laptop - Storage - ASUS ExpertBook P1412\"}}, {\"added\": {\"name\": \"product attribute\", \"object\": \"Laptop - Screen Size - ASUS ExpertBook P1412\"}}, {\"added\": {\"name\": \"product attribute\", \"object\": \"Laptop - Graphics - ASUS ExpertBook P1412\"}}]"}}, {"model": "admin.logentry", "pk": 49, "fields": {"action_time": "2024-04-10T03:51:53.665Z", "user": 1, "content_type": 8, "object_id": "11", "object_repr": "TV - 77-Inch Class OLED evo C4 Series TV with webOS 24", "action_flag": 1, "change_message": "[{\"added\": {}}, {\"added\": {\"name\": \"product attribute\", \"object\": \"TV - Screen Size - 77-Inch Class OLED evo C4 Series TV with webOS 24\"}}, {\"added\": {\"name\": \"product attribute\", \"object\": \"TV - Resolution - 77-Inch Class OLED evo C4 Series TV with webOS 24\"}}, {\"added\": {\"name\": \"product attribute\", \"object\": \"TV - Refresh Rate - 77-Inch Class OLED evo C4 Series TV with webOS 24\"}}, {\"added\": {\"name\": \"product attribute\", \"object\": \"TV - Connectivity - 77-Inch Class OLED evo C4 Series TV with webOS 24\"}}, {\"added\": {\"name\": \"product attribute\", \"object\": \"TV - Display Technology - 77-Inch Class OLED evo C4 Series TV with webOS 24\"}}]"}}, {"model": "admin.logentry", "pk": 50, "fields": {"action_time": "2024-04-10T03:52:58.196Z", "user": 1, "content_type": 8, "object_id": "12", "object_repr": "TV - SmartTV Xiaomi ELA5029LM", "action_flag": 1, "change_message": "[{\"added\": {}}, {\"added\": {\"name\": \"product attribute\", \"object\": \"TV - Screen Size - SmartTV Xiaomi ELA5029LM\"}}, {\"added\": {\"name\": \"product attribute\", \"object\": \"TV - Resolution - SmartTV Xiaomi ELA5029LM\"}}, {\"added\": {\"name\": \"product attribute\", \"object\": \"TV - Refresh Rate - SmartTV Xiaomi ELA5029LM\"}}, {\"added\": {\"name\": \"product attribute\", \"object\": \"TV - Connectivity - SmartTV Xiaomi ELA5029LM\"}}, {\"added\": {\"name\": \"product attribute\", \"object\": \"TV - Display Technology - SmartTV Xiaomi ELA5029LM\"}}]"}}, {"model": "admin.logentry", "pk": 51, "fields": {"action_time": "2024-04-10T03:54:01.303Z", "user": 1, "content_type": 8, "object_id": "13", "object_repr": "TV - Philips 43PFD6918", "action_flag": 1, "change_message": "[{\"added\": {}}, {\"added\": {\"name\": \"product attribute\", \"object\": \"TV - Screen Size - Philips 43PFD6918\"}}, {\"added\": {\"name\": \"product attribute\", \"object\": \"TV - Resolution - Philips 43PFD6918\"}}, {\"added\": {\"name\": \"product attribute\", \"object\": \"TV - Refresh Rate - Philips 43PFD6918\"}}, {\"added\": {\"name\": \"product attribute\", \"object\": \"TV - Connectivity - Philips 43PFD6918\"}}, {\"added\": {\"name\": \"product attribute\", \"object\": \"TV - Display Technology - Philips 43PFD6918\"}}]"}}, {"model": "admin.logentry", "pk": 52, "fields": {"action_time": "2024-04-10T03:55:12.308Z", "user": 1, "content_type": 8, "object_id": "14", "object_repr": "TV - Samsung Crystal UHD QMC Series 65\"", "action_flag": 1, "change_message": "[{\"added\": {}}, {\"added\": {\"name\": \"product attribute\", \"object\": \"TV - Screen Size - Samsung Crystal UHD QMC Series 65\"\"}}, {\"added\": {\"name\": \"product attribute\", \"object\": \"TV - Resolution - Samsung Crystal UHD QMC Series 65\"\"}}, {\"added\": {\"name\": \"product attribute\", \"object\": \"TV - Refresh Rate - Samsung Crystal UHD QMC Series 65\"\"}}, {\"added\": {\"name\": \"product attribute\", \"object\": \"TV - Connectivity - Samsung Crystal UHD QMC Series 65\"\"}}, {\"added\": {\"name\": \"product attribute\", \"object\": \"TV - Display Technology - Samsung Crystal UHD QMC Series 65\"\"}}]"}}, {"model": "admin.logentry", "pk": 53, "fields": {"action_time": "2024-04-10T04:40:46.886Z", "user": 1, "content_type": 8, "object_id": "15", "object_repr": "TV - Caixun C32V1HR", "action_flag": 1, "change_message": "[{\"added\": {}}, {\"added\": {\"name\": \"product attribute\", \"object\": \"TV - Screen Size - Caixun C32V1HR\"}}, {\"added\": {\"name\": \"product attribute\", \"object\": \"TV - Resolution - Caixun C32V1HR\"}}, {\"added\": {\"name\": \"product attribute\", \"object\": \"TV - Refresh Rate - Caixun C32V1HR\"}}, {\"added\": {\"name\": \"product attribute\", \"object\": \"TV - Connectivity - Caixun C32V1HR\"}}, {\"added\": {\"name\": \"product attribute\", \"object\": \"TV - Display Technology - Caixun C32V1HR\"}}]"}}, {"model": "admin.logentry", "pk": 54, "fields": {"action_time": "2024-04-10T04:47:31.229Z", "user": 1, "content_type": 8, "object_id": "16", "object_repr": "TV - Smart TV Led 32\" Android HD Bluetooth Master-G MGG32HF", "action_flag": 1, "change_message": "[{\"added\": {}}, {\"added\": {\"name\": \"product attribute\", \"object\": \"TV - Screen Size - Smart TV Led 32\" Android HD Bluetooth Master-G MGG32HF\"}}, {\"added\": {\"name\": \"product attribute\", \"object\": \"TV - Resolution - Smart TV Led 32\" Android HD Bluetooth Master-G MGG32HF\"}}, {\"added\": {\"name\": \"product attribute\", \"object\": \"TV - Refresh Rate - Smart TV Led 32\" Android HD Bluetooth Master-G MGG32HF\"}}, {\"added\": {\"name\": \"product attribute\", \"object\": \"TV - Connectivity - Smart TV Led 32\" Android HD Bluetooth Master-G MGG32HF\"}}, {\"added\": {\"name\": \"product attribute\", \"object\": \"TV - Display Technology - Smart TV Led 32\" Android HD Bluetooth Master-G MGG32HF\"}}]"}}, {"model": "admin.logentry", "pk": 55, "fields": {"action_time": "2024-04-10T04:56:38.927Z", "user": 1, "content_type": 8, "object_id": "17", "object_repr": "TV - Smart TV LED 32\" HD AOC ROKU TV FHD 32S5195/78G", "action_flag": 1, "change_message": "[{\"added\": {}}, {\"added\": {\"name\": \"product attribute\", \"object\": \"TV - Screen Size - Smart TV LED 32\" HD AOC ROKU TV FHD 32S5195/78G\"}}, {\"added\": {\"name\": \"product attribute\", \"object\": \"TV - Resolution - Smart TV LED 32\" HD AOC ROKU TV FHD 32S5195/78G\"}}, {\"added\": {\"name\": \"product attribute\", \"object\": \"TV - Refresh Rate - Smart TV LED 32\" HD AOC ROKU TV FHD 32S5195/78G\"}}, {\"added\": {\"name\": \"product attribute\", \"object\": \"TV - Connectivity - Smart TV LED 32\" HD AOC ROKU TV FHD 32S5195/78G\"}}, {\"added\": {\"name\": \"product attribute\", \"object\": \"TV - Display Technology - Smart TV LED 32\" HD AOC ROKU TV FHD 32S5195/78G\"}}]"}}, {"model": "admin.logentry", "pk": 56, "fields": {"action_time": "2024-04-10T05:04:26.031Z", "user": 1, "content_type": 9, "object_id": "1", "object_repr": "Prompt 3 version 1 - Laptop", "action_flag": 1, "change_message": "[{\"added\": {}}]"}}, {"model": "admin.logentry", "pk": 57, "fields": {"action_time": "2024-04-10T05:04:50.420Z", "user": 1, "content_type": 9, "object_id": "2", "object_repr": "Prompt 3 version 1 - TV", "action_flag": 1, "change_message": "[{\"added\": {}}]"}}, {"model": "admin.logentry", "pk": 58, "fields": {"action_time": "2024-04-10T05:05:09.967Z", "user": 1, "content_type": 9, "object_id": "3", "object_repr": "Prompt 3 version 1 - Tablet", "action_flag": 1, "change_message": "[{\"added\": {}}]"}}, {"model": "admin.logentry", "pk": 59, "fields": {"action_time": "2024-04-10T05:05:40.855Z", "user": 1, "content_type": 9, "object_id": "4", "object_repr": "Prompt 3 version 1 - Processor", "action_flag": 1, "change_message": "[{\"added\": {}}]"}}, {"model": "admin.logentry", "pk": 60, "fields": {"action_time": "2024-04-10T05:05:59.599Z", "user": 1, "content_type": 9, "object_id": "5", "object_repr": "Prompt 3 version 1 - Headphone", "action_flag": 1, "change_message": "[{\"added\": {}}]"}}, {"model": "admin.logentry", "pk": 61, "fields": {"action_time": "2024-04-10T23:17:12.957Z", "user": 1, "content_type": 8, "object_id": "18", "object_repr": "Tablet - Lenovo Tab M10 Plus (Gen 3)", "action_flag": 1, "change_message": "[{\"added\": {}}, {\"added\": {\"name\": \"product attribute\", \"object\": \"Tablet - Processor - Lenovo Tab M10 Plus (Gen 3)\"}}, {\"added\": {\"name\": \"product attribute\", \"object\": \"Tablet - Storage - Lenovo Tab M10 Plus (Gen 3)\"}}, {\"added\": {\"name\": \"product attribute\", \"object\": \"Tablet - Screen Size - Lenovo Tab M10 Plus (Gen 3)\"}}, {\"added\": {\"name\": \"product attribute\", \"object\": \"Tablet - Battery Capacity - Lenovo Tab M10 Plus (Gen 3)\"}}, {\"added\": {\"name\": \"product attribute\", \"object\": \"Tablet - Mobile Network Connection - Lenovo Tab M10 Plus (Gen 3)\"}}]"}}, {"model": "admin.logentry", "pk": 62, "fields": {"action_time": "2024-04-10T23:18:43.714Z", "user": 1, "content_type": 8, "object_id": "19", "object_repr": "Tablet - Samsung Galaxy Tab S9", "action_flag": 1, "change_message": "[{\"added\": {}}, {\"added\": {\"name\": \"product attribute\", \"object\": \"Tablet - Processor - Samsung Galaxy Tab S9\"}}, {\"added\": {\"name\": \"product attribute\", \"object\": \"Tablet - Storage - Samsung Galaxy Tab S9\"}}, {\"added\": {\"name\": \"product attribute\", \"object\": \"Tablet - Screen Size - Samsung Galaxy Tab S9\"}}, {\"added\": {\"name\": \"product attribute\", \"object\": \"Tablet - Battery Capacity - Samsung Galaxy Tab S9\"}}, {\"added\": {\"name\": \"product attribute\", \"object\": \"Tablet - Mobile Network Connection - Samsung Galaxy Tab S9\"}}]"}}, {"model": "admin.logentry", "pk": 63, "fields": {"action_time": "2024-04-10T23:19:50.826Z", "user": 1, "content_type": 8, "object_id": "20", "object_repr": "Tablet - Lenovo M10 3rd Gen", "action_flag": 1, "change_message": "[{\"added\": {}}, {\"added\": {\"name\": \"product attribute\", \"object\": \"Tablet - Processor - Lenovo M10 3rd Gen\"}}, {\"added\": {\"name\": \"product attribute\", \"object\": \"Tablet - Storage - Lenovo M10 3rd Gen\"}}, {\"added\": {\"name\": \"product attribute\", \"object\": \"Tablet - Screen Size - Lenovo M10 3rd Gen\"}}, {\"added\": {\"name\": \"product attribute\", \"object\": \"Tablet - Battery Capacity - Lenovo M10 3rd Gen\"}}, {\"added\": {\"name\": \"product attribute\", \"object\": \"Tablet - Mobile Network Connection - Lenovo M10 3rd Gen\"}}]"}}, {"model": "admin.logentry", "pk": 64, "fields": {"action_time": "2024-04-10T23:20:59.636Z", "user": 1, "content_type": 8, "object_id": "21", "object_repr": "Tablet - Unitech TB85", "action_flag": 1, "change_message": "[{\"added\": {}}, {\"added\": {\"name\": \"product attribute\", \"object\": \"Tablet - Processor - Unitech TB85\"}}, {\"added\": {\"name\": \"product attribute\", \"object\": \"Tablet - Storage - Unitech TB85\"}}, {\"added\": {\"name\": \"product attribute\", \"object\": \"Tablet - Screen Size - Unitech TB85\"}}, {\"added\": {\"name\": \"product attribute\", \"object\": \"Tablet - Battery Capacity - Unitech TB85\"}}, {\"added\": {\"name\": \"product attribute\", \"object\": \"Tablet - Mobile Network Connection - Unitech TB85\"}}]"}}, {"model": "admin.logentry", "pk": 65, "fields": {"action_time": "2024-04-10T23:22:49.897Z", "user": 1, "content_type": 8, "object_id": "22", "object_repr": "Tablet - iPad 10.2 9th Gen", "action_flag": 1, "change_message": "[{\"added\": {}}, {\"added\": {\"name\": \"product attribute\", \"object\": \"Tablet - Processor - iPad 10.2 9th Gen\"}}, {\"added\": {\"name\": \"product attribute\", \"object\": \"Tablet - Storage - iPad 10.2 9th Gen\"}}, {\"added\": {\"name\": \"product attribute\", \"object\": \"Tablet - Screen Size - iPad 10.2 9th Gen\"}}, {\"added\": {\"name\": \"product attribute\", \"object\": \"Tablet - Battery Capacity - iPad 10.2 9th Gen\"}}, {\"added\": {\"name\": \"product attribute\", \"object\": \"Tablet - Mobile Network Connection - iPad 10.2 9th Gen\"}}]"}}, {"model": "admin.logentry", "pk": 66, "fields": {"action_time": "2024-04-10T23:33:03.543Z", "user": 1, "content_type": 8, "object_id": "23", "object_repr": "Tablet - Tablet GLOWY 10\" 4G LTE Sketch Pen", "action_flag": 1, "change_message": "[{\"added\": {}}, {\"added\": {\"name\": \"product attribute\", \"object\": \"Tablet - Processor - Tablet GLOWY 10\" 4G LTE Sketch Pen\"}}, {\"added\": {\"name\": \"product attribute\", \"object\": \"Tablet - Storage - Tablet GLOWY 10\" 4G LTE Sketch Pen\"}}, {\"added\": {\"name\": \"product attribute\", \"object\": \"Tablet - Screen Size - Tablet GLOWY 10\" 4G LTE Sketch Pen\"}}, {\"added\": {\"name\": \"product attribute\", \"object\": \"Tablet - Battery Capacity - Tablet GLOWY 10\" 4G LTE Sketch Pen\"}}, {\"added\": {\"name\": \"product attribute\", \"object\": \"Tablet - Mobile Network Connection - Tablet GLOWY 10\" 4G LTE Sketch Pen\"}}]"}}, {"model": "admin.logentry", "pk": 67, "fields": {"action_time": "2024-04-10T23:34:44.745Z", "user": 1, "content_type": 8, "object_id": "24", "object_repr": "Processor - Intel Core i5-12400F Processor", "action_flag": 1, "change_message": "[{\"added\": {}}, {\"added\": {\"name\": \"product attribute\", \"object\": \"Processor - Number of Cores - Intel Core i5-12400F Processor\"}}, {\"added\": {\"name\": \"product attribute\", \"object\": \"Processor - Threads - Intel Core i5-12400F Processor\"}}, {\"added\": {\"name\": \"product attribute\", \"object\": \"Processor - Socket - Intel Core i5-12400F Processor\"}}, {\"added\": {\"name\": \"product attribute\", \"object\": \"Processor - Cache - Intel Core i5-12400F Processor\"}}, {\"added\": {\"name\": \"product attribute\", \"object\": \"Processor - Graphics - Intel Core i5-12400F Processor\"}}]"}}, {"model": "admin.logentry", "pk": 68, "fields": {"action_time": "2024-04-10T23:35:54.608Z", "user": 1, "content_type": 8, "object_id": "25", "object_repr": "Processor - Intel Core i5-12400 Processor", "action_flag": 1, "change_message": "[{\"added\": {}}, {\"added\": {\"name\": \"product attribute\", \"object\": \"Processor - Number of Cores - Intel Core i5-12400 Processor\"}}, {\"added\": {\"name\": \"product attribute\", \"object\": \"Processor - Threads - Intel Core i5-12400 Processor\"}}, {\"added\": {\"name\": \"product attribute\", \"object\": \"Processor - Socket - Intel Core i5-12400 Processor\"}}, {\"added\": {\"name\": \"product attribute\", \"object\": \"Processor - Cache - Intel Core i5-12400 Processor\"}}, {\"added\": {\"name\": \"product attribute\", \"object\": \"Processor - Graphics - Intel Core i5-12400 Processor\"}}]"}}, {"model": "admin.logentry", "pk": 69, "fields": {"action_time": "2024-04-10T23:38:14.198Z", "user": 1, "content_type": 8, "object_id": "26", "object_repr": "Processor - Intel Core i3-10100 Processor", "action_flag": 1, "change_message": "[{\"added\": {}}, {\"added\": {\"name\": \"product attribute\", \"object\": \"Processor - Number of Cores - Intel Core i3-10100 Processor\"}}, {\"added\": {\"name\": \"product attribute\", \"object\": \"Processor - Threads - Intel Core i3-10100 Processor\"}}, {\"added\": {\"name\": \"product attribute\", \"object\": \"Processor - Socket - Intel Core i3-10100 Processor\"}}, {\"added\": {\"name\": \"product attribute\", \"object\": \"Processor - Cache - Intel Core i3-10100 Processor\"}}, {\"added\": {\"name\": \"product attribute\", \"object\": \"Processor - Graphics - Intel Core i3-10100 Processor\"}}]"}}, {"model": "admin.logentry", "pk": 70, "fields": {"action_time": "2024-04-10T23:39:35.238Z", "user": 1, "content_type": 8, "object_id": "27", "object_repr": "Processor - Intel Pentium Gold G6400 Processor", "action_flag": 1, "change_message": "[{\"added\": {}}, {\"added\": {\"name\": \"product attribute\", \"object\": \"Processor - Number of Cores - Intel Pentium Gold G6400 Processor\"}}, {\"added\": {\"name\": \"product attribute\", \"object\": \"Processor - Threads - Intel Pentium Gold G6400 Processor\"}}, {\"added\": {\"name\": \"product attribute\", \"object\": \"Processor - Socket - Intel Pentium Gold G6400 Processor\"}}, {\"added\": {\"name\": \"product attribute\", \"object\": \"Processor - Cache - Intel Pentium Gold G6400 Processor\"}}, {\"added\": {\"name\": \"product attribute\", \"object\": \"Processor - Graphics - Intel Pentium Gold G6400 Processor\"}}]"}}, {"model": "admin.logentry", "pk": 71, "fields": {"action_time": "2024-04-10T23:40:41.461Z", "user": 1, "content_type": 8, "object_id": "28", "object_repr": "Processor - AMD Ryzen 5 8500G", "action_flag": 1, "change_message": "[{\"added\": {}}, {\"added\": {\"name\": \"product attribute\", \"object\": \"Processor - Number of Cores - AMD Ryzen 5 8500G\"}}, {\"added\": {\"name\": \"product attribute\", \"object\": \"Processor - Threads - AMD Ryzen 5 8500G\"}}, {\"added\": {\"name\": \"product attribute\", \"object\": \"Processor - Socket - AMD Ryzen 5 8500G\"}}, {\"added\": {\"name\": \"product attribute\", \"object\": \"Processor - Cache - AMD Ryzen 5 8500G\"}}, {\"added\": {\"name\": \"product attribute\", \"object\": \"Processor - Graphics - AMD Ryzen 5 8500G\"}}]"}}, {"model": "admin.logentry", "pk": 72, "fields": {"action_time": "2024-04-10T23:42:27.132Z", "user": 1, "content_type": 8, "object_id": "29", "object_repr": "Processor - AMD Ryzen 5 5600G", "action_flag": 1, "change_message": "[{\"added\": {}}, {\"added\": {\"name\": \"product attribute\", \"object\": \"Processor - Number of Cores - AMD Ryzen 5 5600G\"}}, {\"added\": {\"name\": \"product attribute\", \"object\": \"Processor - Threads - AMD Ryzen 5 5600G\"}}, {\"added\": {\"name\": \"product attribute\", \"object\": \"Processor - Socket - AMD Ryzen 5 5600G\"}}, {\"added\": {\"name\": \"product attribute\", \"object\": \"Processor - Cache - AMD Ryzen 5 5600G\"}}, {\"added\": {\"name\": \"product attribute\", \"object\": \"Processor - Graphics - AMD Ryzen 5 5600G\"}}]"}}, {"model": "admin.logentry", "pk": 73, "fields": {"action_time": "2024-04-10T23:43:43.288Z", "user": 1, "content_type": 8, "object_id": "30", "object_repr": "Processor - AMD Ryzen 9 7950X", "action_flag": 1, "change_message": "[{\"added\": {}}, {\"added\": {\"name\": \"product attribute\", \"object\": \"Processor - Number of Cores - AMD Ryzen 9 7950X\"}}, {\"added\": {\"name\": \"product attribute\", \"object\": \"Processor - Threads - AMD Ryzen 9 7950X\"}}, {\"added\": {\"name\": \"product attribute\", \"object\": \"Processor - Socket - AMD Ryzen 9 7950X\"}}, {\"added\": {\"name\": \"product attribute\", \"object\": \"Processor - Cache - AMD Ryzen 9 7950X\"}}, {\"added\": {\"name\": \"product attribute\", \"object\": \"Processor - Graphics - AMD Ryzen 9 7950X\"}}]"}}, {"model": "admin.logentry", "pk": 74, "fields": {"action_time": "2024-04-10T23:49:09.949Z", "user": 1, "content_type": 8, "object_id": "31", "object_repr": "Processor - AMD Ryzen 7 8700G", "action_flag": 1, "change_message": "[{\"added\": {}}, {\"added\": {\"name\": \"product attribute\", \"object\": \"Processor - Number of Cores - AMD Ryzen 7 8700G\"}}, {\"added\": {\"name\": \"product attribute\", \"object\": \"Processor - Threads - AMD Ryzen 7 8700G\"}}, {\"added\": {\"name\": \"product attribute\", \"object\": \"Processor - Socket - AMD Ryzen 7 8700G\"}}, {\"added\": {\"name\": \"product attribute\", \"object\": \"Processor - Cache - AMD Ryzen 7 8700G\"}}, {\"added\": {\"name\": \"product attribute\", \"object\": \"Processor - Graphics - AMD Ryzen 7 8700G\"}}]"}}, {"model": "admin.logentry", "pk": 75, "fields": {"action_time": "2024-04-11T00:17:51.993Z", "user": 1, "content_type": 8, "object_id": "32", "object_repr": "Headphone - Jabra Evolve2 40 SE", "action_flag": 1, "change_message": "[{\"added\": {}}, {\"added\": {\"name\": \"product attribute\", \"object\": \"Headphone - Headphone Frequency - Jabra Evolve2 40 SE\"}}, {\"added\": {\"name\": \"product attribute\", \"object\": \"Headphone - Headphone Sensitivity - Jabra Evolve2 40 SE\"}}, {\"added\": {\"name\": \"product attribute\", \"object\": \"Headphone - Type - Jabra Evolve2 40 SE\"}}, {\"added\": {\"name\": \"product attribute\", \"object\": \"Headphone - Color(s) - Jabra Evolve2 40 SE\"}}, {\"added\": {\"name\": \"product attribute\", \"object\": \"Headphone - Connectivity Technology - Jabra Evolve2 40 SE\"}}]"}}, {"model": "admin.logentry", "pk": 76, "fields": {"action_time": "2024-04-11T00:19:01.360Z", "user": 1, "content_type": 8, "object_id": "33", "object_repr": "Headphone - Dell Stereo Headset WH1022", "action_flag": 1, "change_message": "[{\"added\": {}}, {\"added\": {\"name\": \"product attribute\", \"object\": \"Headphone - Headphone Frequency - Dell Stereo Headset WH1022\"}}, {\"added\": {\"name\": \"product attribute\", \"object\": \"Headphone - Headphone Sensitivity - Dell Stereo Headset WH1022\"}}, {\"added\": {\"name\": \"product attribute\", \"object\": \"Headphone - Type - Dell Stereo Headset WH1022\"}}, {\"added\": {\"name\": \"product attribute\", \"object\": \"Headphone - Color(s) - Dell Stereo Headset WH1022\"}}, {\"added\": {\"name\": \"product attribute\", \"object\": \"Headphone - Connectivity Technology - Dell Stereo Headset WH1022\"}}]"}}, {"model": "admin.logentry", "pk": 77, "fields": {"action_time": "2024-04-11T00:20:08.755Z", "user": 1, "content_type": 8, "object_id": "34", "object_repr": "Headphone - Jaybird X4", "action_flag": 1, "change_message": "[{\"added\": {}}, {\"added\": {\"name\": \"product attribute\", \"object\": \"Headphone - Headphone Frequency - Jaybird X4\"}}, {\"added\": {\"name\": \"product attribute\", \"object\": \"Headphone - Headphone Sensitivity - Jaybird X4\"}}, {\"added\": {\"name\": \"product attribute\", \"object\": \"Headphone - Type - Jaybird X4\"}}, {\"added\": {\"name\": \"product attribute\", \"object\": \"Headphone - Color(s) - Jaybird X4\"}}, {\"added\": {\"name\": \"product attribute\", \"object\": \"Headphone - Connectivity Technology - Jaybird X4\"}}]"}}, {"model": "admin.logentry", "pk": 78, "fields": {"action_time": "2024-04-11T00:21:08.837Z", "user": 1, "content_type": 8, "object_id": "35", "object_repr": "Headphone - Sleve EVO BLACK", "action_flag": 1, "change_message": "[{\"added\": {}}, {\"added\": {\"name\": \"product attribute\", \"object\": \"Headphone - Headphone Frequency - Sleve EVO BLACK\"}}, {\"added\": {\"name\": \"product attribute\", \"object\": \"Headphone - Headphone Sensitivity - Sleve EVO BLACK\"}}, {\"added\": {\"name\": \"product attribute\", \"object\": \"Headphone - Type - Sleve EVO BLACK\"}}, {\"added\": {\"name\": \"product attribute\", \"object\": \"Headphone - Color(s) - Sleve EVO BLACK\"}}, {\"added\": {\"name\": \"product attribute\", \"object\": \"Headphone - Connectivity Technology - Sleve EVO BLACK\"}}]"}}, {"model": "admin.logentry", "pk": 79, "fields": {"action_time": "2024-04-16T02:32:50.834Z", "user": 1, "content_type": 11, "object_id": "81", "object_repr": "TV - Screen Size - Smart TV LED 32\" HD AOC ROKU TV FHD 32S5195/78G", "action_flag": 2, "change_message": "[{\"changed\": {\"fields\": [\"Value\"]}}]"}}, {"model": "admin.logentry", "pk": 80, "fields": {"action_time": "2024-04-16T02:33:11.952Z", "user": 1, "content_type": 11, "object_id": "113", "object_repr": "Tablet - Screen Size - Tablet GLOWY 10\" 4G LTE Sketch Pen", "action_flag": 2, "change_message": "[{\"changed\": {\"fields\": [\"Value\"]}}]"}}, {"model": "admin.logentry", "pk": 81, "fields": {"action_time": "2024-04-16T02:33:25.774Z", "user": 1, "content_type": 11, "object_id": "108", "object_repr": "Tablet - Screen Size - iPad 10.2 9th Gen", "action_flag": 2, "change_message": "[{\"changed\": {\"fields\": [\"Value\"]}}]"}}, {"model": "admin.logentry", "pk": 82, "fields": {"action_time": "2024-04-16T02:33:35.847Z", "user": 1, "content_type": 11, "object_id": "103", "object_repr": "Tablet - Screen Size - Unitech TB85", "action_flag": 2, "change_message": "[{\"changed\": {\"fields\": [\"Value\"]}}]"}}, {"model": "admin.logentry", "pk": 83, "fields": {"action_time": "2024-04-16T02:33:53.075Z", "user": 1, "content_type": 11, "object_id": "98", "object_repr": "Tablet - Screen Size - Lenovo M10 3rd Gen", "action_flag": 2, "change_message": "[{\"changed\": {\"fields\": [\"Value\"]}}]"}}, {"model": "admin.logentry", "pk": 84, "fields": {"action_time": "2024-04-16T02:34:06.646Z", "user": 1, "content_type": 11, "object_id": "93", "object_repr": "Tablet - Screen Size - Samsung Galaxy Tab S9", "action_flag": 2, "change_message": "[{\"changed\": {\"fields\": [\"Value\"]}}]"}}, {"model": "admin.logentry", "pk": 85, "fields": {"action_time": "2024-04-16T02:34:21.432Z", "user": 1, "content_type": 11, "object_id": "88", "object_repr": "Tablet - Screen Size - Lenovo Tab M10 Plus (Gen 3)", "action_flag": 2, "change_message": "[{\"changed\": {\"fields\": [\"Value\"]}}]"}}, {"model": "admin.logentry", "pk": 86, "fields": {"action_time": "2024-04-16T02:34:35.568Z", "user": 1, "content_type": 11, "object_id": "76", "object_repr": "TV - Screen Size - Smart TV Led 32\" Android HD Bluetooth Master-G MGG32HF", "action_flag": 2, "change_message": "[{\"changed\": {\"fields\": [\"Value\"]}}]"}}, {"model": "admin.logentry", "pk": 87, "fields": {"action_time": "2024-04-16T02:34:46.673Z", "user": 1, "content_type": 11, "object_id": "71", "object_repr": "TV - Screen Size - Caixun C32V1HR", "action_flag": 2, "change_message": "[{\"changed\": {\"fields\": [\"Value\"]}}]"}}, {"model": "admin.logentry", "pk": 88, "fields": {"action_time": "2024-04-16T02:34:55.282Z", "user": 1, "content_type": 11, "object_id": "66", "object_repr": "TV - Screen Size - Samsung Crystal UHD QMC Series 65\"", "action_flag": 2, "change_message": "[{\"changed\": {\"fields\": [\"Value\"]}}]"}}, {"model": "admin.logentry", "pk": 89, "fields": {"action_time": "2024-04-16T02:35:06.761Z", "user": 1, "content_type": 11, "object_id": "61", "object_repr": "TV - Screen Size - Philips 43PFD6918", "action_flag": 2, "change_message": "[{\"changed\": {\"fields\": [\"Value\"]}}]"}}, {"model": "admin.logentry", "pk": 90, "fields": {"action_time": "2024-04-16T02:35:18.300Z", "user": 1, "content_type": 11, "object_id": "56", "object_repr": "TV - Screen Size - SmartTV Xiaomi ELA5029LM", "action_flag": 2, "change_message": "[{\"changed\": {\"fields\": [\"Value\"]}}]"}}, {"model": "admin.logentry", "pk": 91, "fields": {"action_time": "2024-04-16T02:35:43.897Z", "user": 1, "content_type": 11, "object_id": "51", "object_repr": "TV - Screen Size - 77-Inch Class OLED evo C4 Series TV with webOS 24", "action_flag": 2, "change_message": "[{\"changed\": {\"fields\": [\"Value\"]}}]"}}, {"model": "admin.logentry", "pk": 92, "fields": {"action_time": "2024-04-16T02:35:53.847Z", "user": 1, "content_type": 11, "object_id": "49", "object_repr": "Laptop - Screen Size - ASUS ExpertBook P1412", "action_flag": 2, "change_message": "[{\"changed\": {\"fields\": [\"Value\"]}}]"}}, {"model": "admin.logentry", "pk": 93, "fields": {"action_time": "2024-04-16T02:36:11.539Z", "user": 1, "content_type": 11, "object_id": "44", "object_repr": "Laptop - Screen Size - Dell Latitude 5420", "action_flag": 2, "change_message": "[{\"changed\": {\"fields\": [\"Value\"]}}]"}}, {"model": "admin.logentry", "pk": 94, "fields": {"action_time": "2024-04-16T02:36:21.580Z", "user": 1, "content_type": 11, "object_id": "39", "object_repr": "Laptop - Screen Size - HP 240 G7", "action_flag": 2, "change_message": "[{\"changed\": {\"fields\": [\"Value\"]}}]"}}, {"model": "admin.logentry", "pk": 95, "fields": {"action_time": "2024-04-16T02:36:30.816Z", "user": 1, "content_type": 11, "object_id": "34", "object_repr": "Laptop - Screen Size - Apple MacBook Air (Early 2020 / i3-1000NG4 / 256 GB / Space Gray)", "action_flag": 2, "change_message": "[{\"changed\": {\"fields\": [\"Value\"]}}]"}}, {"model": "admin.logentry", "pk": 96, "fields": {"action_time": "2024-04-16T02:36:40.362Z", "user": 1, "content_type": 11, "object_id": "29", "object_repr": "Laptop - Screen Size - Lenovo Legion 5 Pro 16\" 7ma Gen - Storm Grey", "action_flag": 2, "change_message": "[{\"changed\": {\"fields\": [\"Value\"]}}]"}}, {"model": "admin.logentry", "pk": 97, "fields": {"action_time": "2024-04-16T02:36:50.283Z", "user": 1, "content_type": 11, "object_id": "24", "object_repr": "Laptop - Screen Size - Lenovo IdeaPad 320-15ISK", "action_flag": 2, "change_message": "[{\"changed\": {\"fields\": [\"Value\"]}}]"}}, {"model": "admin.logentry", "pk": 98, "fields": {"action_time": "2024-04-16T02:37:01.371Z", "user": 1, "content_type": 11, "object_id": "19", "object_repr": "Laptop - Screen Size - Legion Pro 5 Gen 8 AMD (16\") with RTX 4070", "action_flag": 2, "change_message": "[{\"changed\": {\"fields\": [\"Value\"]}}]"}}, {"model": "admin.logentry", "pk": 99, "fields": {"action_time": "2024-04-16T02:37:14.956Z", "user": 1, "content_type": 11, "object_id": "14", "object_repr": "Laptop - Screen Size - Apple MacBook Air 13-inch: M1 chip with 8-core CPU and 7-core GPU, 256GB - Gold (2020)", "action_flag": 2, "change_message": "[{\"changed\": {\"fields\": [\"Value\"]}}]"}}, {"model": "admin.logentry", "pk": 100, "fields": {"action_time": "2024-04-16T02:37:24.354Z", "user": 1, "content_type": 11, "object_id": "9", "object_repr": "Laptop - Screen Size - Acer Aspire 3 Laptop - A314-22-R73F", "action_flag": 2, "change_message": "[{\"changed\": {\"fields\": [\"Value\"]}}]"}}, {"model": "admin.logentry", "pk": 101, "fields": {"action_time": "2024-04-16T02:37:34.038Z", "user": 1, "content_type": 11, "object_id": "4", "object_repr": "Laptop - Screen Size - Lenovo ThinkPad X1 Carbon Gen 11 Intel (14\") - Black", "action_flag": 2, "change_message": "[{\"changed\": {\"fields\": [\"Value\"]}}]"}}, {"model": "admin.logentry", "pk": 102, "fields": {"action_time": "2024-04-16T02:40:14.852Z", "user": 1, "content_type": 10, "object_id": "19", "object_repr": "Processor - Cache", "action_flag": 2, "change_message": "[{\"changed\": {\"fields\": [\"Name\"]}}]"}}, {"model": "admin.logentry", "pk": 103, "fields": {"action_time": "2024-04-16T02:43:07.092Z", "user": 1, "content_type": 9, "object_id": "1", "object_repr": "Prompt 3 version 1 - Laptop", "action_flag": 2, "change_message": "[{\"changed\": {\"fields\": [\"Content\"]}}]"}}, {"model": "admin.logentry", "pk": 104, "fields": {"action_time": "2024-04-18T01:17:20.131Z", "user": 1, "content_type": 8, "object_id": "24", "object_repr": "Processor - Intel Core i5-12400F", "action_flag": 2, "change_message": "[{\"changed\": {\"fields\": [\"Name\"]}}]"}}, {"model": "admin.logentry", "pk": 105, "fields": {"action_time": "2024-04-18T01:17:27.013Z", "user": 1, "content_type": 8, "object_id": "25", "object_repr": "Processor - Intel Core i5-12400", "action_flag": 2, "change_message": "[{\"changed\": {\"fields\": [\"Name\"]}}]"}}, {"model": "admin.logentry", "pk": 106, "fields": {"action_time": "2024-04-18T01:17:32.427Z", "user": 1, "content_type": 8, "object_id": "26", "object_repr": "Processor - Intel Core i3-10100", "action_flag": 2, "change_message": "[{\"changed\": {\"fields\": [\"Name\"]}}]"}}, {"model": "admin.logentry", "pk": 107, "fields": {"action_time": "2024-04-18T01:17:37.965Z", "user": 1, "content_type": 8, "object_id": "27", "object_repr": "Processor - Intel Pentium Gold G6400", "action_flag": 2, "change_message": "[{\"changed\": {\"fields\": [\"Name\"]}}]"}}, {"model": "admin.logentry", "pk": 108, "fields": {"action_time": "2024-04-18T02:01:40.678Z", "user": 1, "content_type": 9, "object_id": "6", "object_repr": "Prompt 0 version 0 - Laptop", "action_flag": 1, "change_message": "[{\"added\": {}}]"}}, {"model": "admin.logentry", "pk": 109, "fields": {"action_time": "2024-04-18T02:02:05.257Z", "user": 1, "content_type": 9, "object_id": "7", "object_repr": "Prompt 0 version 0 - TV", "action_flag": 1, "change_message": "[{\"added\": {}}]"}}, {"model": "admin.logentry", "pk": 110, "fields": {"action_time": "2024-04-18T02:02:23.211Z", "user": 1, "content_type": 9, "object_id": "8", "object_repr": "Prompt 0 version 0 - Tablet", "action_flag": 1, "change_message": "[{\"added\": {}}]"}}, {"model": "admin.logentry", "pk": 111, "fields": {"action_time": "2024-04-18T02:02:51.957Z", "user": 1, "content_type": 9, "object_id": "9", "object_repr": "Prompt 0 version 0 - Processor", "action_flag": 1, "change_message": "[{\"added\": {}}]"}}, {"model": "admin.logentry", "pk": 112, "fields": {"action_time": "2024-04-18T02:03:09.208Z", "user": 1, "content_type": 9, "object_id": "10", "object_repr": "Prompt 0 version 0 - Headphone", "action_flag": 1, "change_message": "[{\"added\": {}}]"}}, {"model": "admin.logentry", "pk": 113, "fields": {"action_time": "2024-05-09T02:05:17.527Z", "user": 1, "content_type": 12, "object_id": "1", "object_repr": "Maker", "action_flag": 1, "change_message": "[{\"added\": {}}]"}}, {"model": "admin.logentry", "pk": 114, "fields": {"action_time": "2024-05-09T02:10:19.404Z", "user": 1, "content_type": 12, "object_id": "2", "object_repr": "Judge", "action_flag": 1, "change_message": "[{\"added\": {}}]"}}, {"model": "admin.logentry", "pk": 115, "fields": {"action_time": "2024-05-09T02:11:11.258Z", "user": 1, "content_type": 9, "object_id": "10", "object_repr": "Judge Prompt 1 version 1 - Headphone", "action_flag": 2, "change_message": "[{\"changed\": {\"fields\": [\"Role\", \"Number\", \"Version\"]}}]"}}, {"model": "admin.logentry", "pk": 116, "fields": {"action_time": "2024-05-09T02:11:19.363Z", "user": 1, "content_type": 9, "object_id": "9", "object_repr": "Judge Prompt 1 version 1 - Processor", "action_flag": 2, "change_message": "[{\"changed\": {\"fields\": [\"Role\", \"Number\", \"Version\"]}}]"}}, {"model": "admin.logentry", "pk": 117, "fields": {"action_time": "2024-05-09T02:11:26.573Z", "user": 1, "content_type": 9, "object_id": "8", "object_repr": "Judge Prompt 1 version 1 - Tablet", "action_flag": 2, "change_message": "[{\"changed\": {\"fields\": [\"Role\", \"Number\", \"Version\"]}}]"}}, {"model": "admin.logentry", "pk": 118, "fields": {"action_time": "2024-05-09T02:11:34.286Z", "user": 1, "content_type": 9, "object_id": "7", "object_repr": "Judge Prompt 1 version 1 - TV", "action_flag": 2, "change_message": "[{\"changed\": {\"fields\": [\"Role\", \"Number\", \"Version\"]}}]"}}, {"model": "admin.logentry", "pk": 119, "fields": {"action_time": "2024-05-09T02:11:43.448Z", "user": 1, "content_type": 9, "object_id": "6", "object_repr": "Judge Prompt 1 version 1 - Laptop", "action_flag": 2, "change_message": "[{\"changed\": {\"fields\": [\"Role\", \"Number\", \"Version\"]}}]"}}, {"model": "admin.logentry", "pk": 120, "fields": {"action_time": "2024-05-09T02:11:51.856Z", "user": 1, "content_type": 9, "object_id": "5", "object_repr": "Maker Prompt 3 version 1 - Headphone", "action_flag": 2, "change_message": "[{\"changed\": {\"fields\": [\"Role\"]}}]"}}, {"model": "admin.logentry", "pk": 121, "fields": {"action_time": "2024-05-09T02:11:56.027Z", "user": 1, "content_type": 9, "object_id": "4", "object_repr": "Maker Prompt 3 version 1 - Processor", "action_flag": 2, "change_message": "[{\"changed\": {\"fields\": [\"Role\"]}}]"}}, {"model": "admin.logentry", "pk": 122, "fields": {"action_time": "2024-05-09T02:12:02.149Z", "user": 1, "content_type": 9, "object_id": "3", "object_repr": "Maker Prompt 3 version 1 - Tablet", "action_flag": 2, "change_message": "[{\"changed\": {\"fields\": [\"Role\"]}}]"}}, {"model": "admin.logentry", "pk": 123, "fields": {"action_time": "2024-05-09T02:12:06.157Z", "user": 1, "content_type": 9, "object_id": "2", "object_repr": "Maker Prompt 3 version 1 - TV", "action_flag": 2, "change_message": "[{\"changed\": {\"fields\": [\"Role\"]}}]"}}, {"model": "admin.logentry", "pk": 124, "fields": {"action_time": "2024-05-09T02:12:10.456Z", "user": 1, "content_type": 9, "object_id": "1", "object_repr": "Maker Prompt 3 version 1 - Laptop", "action_flag": 2, "change_message": "[{\"changed\": {\"fields\": [\"Role\"]}}]"}}, {"model": "admin.logentry", "pk": 125, "fields": {"action_time": "2024-05-09T02:29:53.212Z", "user": 1, "content_type": 9, "object_id": "11", "object_repr": "Maker Prompt 4 version 1 - Laptop", "action_flag": 1, "change_message": "[{\"added\": {}}]"}}, {"model": "admin.logentry", "pk": 126, "fields": {"action_time": "2024-05-09T02:30:14.437Z", "user": 1, "content_type": 9, "object_id": "12", "object_repr": "Maker Prompt 4 version 1 - TV", "action_flag": 1, "change_message": "[{\"added\": {}}]"}}, {"model": "admin.logentry", "pk": 127, "fields": {"action_time": "2024-05-09T02:30:34.904Z", "user": 1, "content_type": 9, "object_id": "13", "object_repr": "Maker Prompt 4 version 1 - Tablet", "action_flag": 1, "change_message": "[{\"added\": {}}]"}}, {"model": "admin.logentry", "pk": 128, "fields": {"action_time": "2024-05-09T02:30:58.342Z", "user": 1, "content_type": 9, "object_id": "14", "object_repr": "Maker Prompt 4 version 1 - Processor", "action_flag": 1, "change_message": "[{\"added\": {}}]"}}, {"model": "admin.logentry", "pk": 129, "fields": {"action_time": "2024-05-09T02:31:18.075Z", "user": 1, "content_type": 9, "object_id": "15", "object_repr": "Maker Prompt 4 version 1 - Headphone", "action_flag": 1, "change_message": "[{\"added\": {}}]"}}, {"model": "admin.logentry", "pk": 130, "fields": {"action_time": "2024-05-09T02:49:05.406Z", "user": 1, "content_type": 12, "object_id": "3", "object_repr": "Description Maker", "action_flag": 1, "change_message": "[{\"added\": {}}]"}}, {"model": "admin.logentry", "pk": 131, "fields": {"action_time": "2024-05-09T02:52:04.239Z", "user": 1, "content_type": 12, "object_id": "3", "object_repr": "Copywriter", "action_flag": 2, "change_message": "[{\"changed\": {\"fields\": [\"Name\"]}}]"}}, {"model": "admin.logentry", "pk": 132, "fields": {"action_time": "2024-05-09T03:41:21.542Z", "user": 1, "content_type": 9, "object_id": "16", "object_repr": "Copywriter Prompt 1 version 1 - Laptop", "action_flag": 1, "change_message": "[{\"added\": {}}]"}}, {"model": "admin.logentry", "pk": 133, "fields": {"action_time": "2024-05-09T03:42:19.244Z", "user": 1, "content_type": 9, "object_id": "17", "object_repr": "Copywriter Prompt 1 version 1 - TV", "action_flag": 1, "change_message": "[{\"added\": {}}]"}}, {"model": "admin.logentry", "pk": 134, "fields": {"action_time": "2024-05-09T03:42:58.202Z", "user": 1, "content_type": 9, "object_id": "18", "object_repr": "Copywriter Prompt 1 version 1 - Tablet", "action_flag": 1, "change_message": "[{\"added\": {}}]"}}, {"model": "admin.logentry", "pk": 135, "fields": {"action_time": "2024-05-09T03:43:18.110Z", "user": 1, "content_type": 9, "object_id": "19", "object_repr": "Copywriter Prompt 1 version 1 - Processor", "action_flag": 1, "change_message": "[{\"added\": {}}]"}}, {"model": "admin.logentry", "pk": 136, "fields": {"action_time": "2024-05-09T03:43:36.872Z", "user": 1, "content_type": 9, "object_id": "20", "object_repr": "Copywriter Prompt 1 version 1 - Headphone", "action_flag": 1, "change_message": "[{\"added\": {}}]"}}, {"model": "admin.logentry", "pk": 137, "fields": {"action_time": "2024-05-09T03:47:45.353Z", "user": 1, "content_type": 9, "object_id": "21", "object_repr": "Maker Prompt 4 version 2 - Laptop", "action_flag": 1, "change_message": "[{\"added\": {}}]"}}, {"model": "admin.logentry", "pk": 138, "fields": {"action_time": "2024-05-09T03:52:14.409Z", "user": 1, "content_type": 9, "object_id": "12", "object_repr": "Maker Prompt 4 version 1 - TV", "action_flag": 2, "change_message": "[{\"changed\": {\"fields\": [\"Content\"]}}]"}}, {"model": "admin.logentry", "pk": 139, "fields": {"action_time": "2024-05-09T03:52:33.947Z", "user": 1, "content_type": 9, "object_id": "13", "object_repr": "Maker Prompt 4 version 1 - Tablet", "action_flag": 2, "change_message": "[{\"changed\": {\"fields\": [\"Content\"]}}]"}}, {"model": "admin.logentry", "pk": 140, "fields": {"action_time": "2024-05-09T03:52:54.817Z", "user": 1, "content_type": 9, "object_id": "14", "object_repr": "Maker Prompt 4 version 1 - Processor", "action_flag": 2, "change_message": "[{\"changed\": {\"fields\": [\"Content\"]}}]"}}, {"model": "admin.logentry", "pk": 141, "fields": {"action_time": "2024-05-09T03:53:11.960Z", "user": 1, "content_type": 9, "object_id": "15", "object_repr": "Maker Prompt 4 version 1 - Headphone", "action_flag": 2, "change_message": "[{\"changed\": {\"fields\": [\"Content\"]}}]"}}, {"model": "admin.logentry", "pk": 142, "fields": {"action_time": "2024-05-09T03:55:43.373Z", "user": 1, "content_type": 9, "object_id": "22", "object_repr": "Copywriter Prompt 4 version 2 - TV", "action_flag": 1, "change_message": "[{\"added\": {}}]"}}, {"model": "admin.logentry", "pk": 143, "fields": {"action_time": "2024-05-09T03:55:51.433Z", "user": 1, "content_type": 9, "object_id": "22", "object_repr": "Maker Prompt 4 version 2 - TV", "action_flag": 2, "change_message": "[{\"changed\": {\"fields\": [\"Role\"]}}]"}}, {"model": "admin.logentry", "pk": 144, "fields": {"action_time": "2024-05-09T03:57:22.841Z", "user": 1, "content_type": 9, "object_id": "23", "object_repr": "Maker Prompt 4 version 2 - Tablet", "action_flag": 1, "change_message": "[{\"added\": {}}]"}}, {"model": "admin.logentry", "pk": 145, "fields": {"action_time": "2024-05-09T03:57:44.305Z", "user": 1, "content_type": 9, "object_id": "24", "object_repr": "Maker Prompt 4 version 2 - Processor", "action_flag": 1, "change_message": "[{\"added\": {}}]"}}, {"model": "admin.logentry", "pk": 146, "fields": {"action_time": "2024-05-09T03:58:17.123Z", "user": 1, "content_type": 9, "object_id": "25", "object_repr": "Maker Prompt 4 version 2 - Headphone", "action_flag": 1, "change_message": "[{\"added\": {}}]"}}, {"model": "admin.logentry", "pk": 147, "fields": {"action_time": "2024-05-15T18:27:02.698Z", "user": 1, "content_type": 13, "object_id": "1", "object_repr": "English", "action_flag": 1, "change_message": "[{\"added\": {}}]"}}, {"model": "admin.logentry", "pk": 148, "fields": {"action_time": "2024-05-15T18:27:12.413Z", "user": 1, "content_type": 13, "object_id": "1", "object_repr": "en", "action_flag": 2, "change_message": "[{\"changed\": {\"fields\": [\"Name\"]}}]"}}, {"model": "admin.logentry", "pk": 149, "fields": {"action_time": "2024-05-15T18:27:15.616Z", "user": 1, "content_type": 13, "object_id": "2", "object_repr": "es", "action_flag": 1, "change_message": "[{\"added\": {}}]"}}, {"model": "admin.logentry", "pk": 150, "fields": {"action_time": "2024-05-15T18:44:44.236Z", "user": 1, "content_type": 9, "object_id": "26", "object_repr": "Copywriter Prompt 1 version 1 - Laptop", "action_flag": 1, "change_message": "[{\"added\": {}}]"}}, {"model": "admin.logentry", "pk": 151, "fields": {"action_time": "2024-05-15T18:45:35.808Z", "user": 1, "content_type": 9, "object_id": "27", "object_repr": "Copywriter Prompt 1 version 1 - TV", "action_flag": 1, "change_message": "[{\"added\": {}}]"}}, {"model": "admin.logentry", "pk": 152, "fields": {"action_time": "2024-05-15T18:45:57.987Z", "user": 1, "content_type": 9, "object_id": "26", "object_repr": "Copywriter Prompt 1 version 1 - Laptop", "action_flag": 2, "change_message": "[{\"changed\": {\"fields\": [\"Content\"]}}]"}}, {"model": "admin.logentry", "pk": 153, "fields": {"action_time": "2024-05-15T18:46:16.368Z", "user": 1, "content_type": 9, "object_id": "28", "object_repr": "Copywriter Prompt 1 version 1 - Tablet", "action_flag": 1, "change_message": "[{\"added\": {}}]"}}, {"model": "admin.logentry", "pk": 154, "fields": {"action_time": "2024-05-15T18:46:33.418Z", "user": 1, "content_type": 9, "object_id": "29", "object_repr": "Copywriter Prompt 1 version 1 - Processor", "action_flag": 1, "change_message": "[{\"added\": {}}]"}}, {"model": "admin.logentry", "pk": 155, "fields": {"action_time": "2024-05-15T18:46:56.096Z", "user": 1, "content_type": 9, "object_id": "30", "object_repr": "Copywriter Prompt 1 version 1 - Headphone", "action_flag": 1, "change_message": "[{\"added\": {}}]"}}, {"model": "auth.user", "pk": 1, "fields": {"password": "pbkdf2_sha256$720000$HYlS8bLyKwHYOemg30buVp$UopQBbRMZn95UxMVG7Qn3dFdq+vjIe8CcT25dKqcT1E=", "last_login": "2024-07-11T00:50:00.520Z", "is_superuser": true, "username": "admin", "first_name": "", "last_name": "", "email": "", "is_staff": true, "is_active": true, "date_joined": "2024-04-09T20:59:05.154Z", "groups": [], "user_permissions": []}}, {"model": "sessions.session", "pk": "1p0mu6z0kbyi70ayps1cl3jhmwvbuobh", "fields": {"session_data": ".eJxVjEEOwiAQRe_C2hCYdlrq0r1nIAwzlaqBpLQr492VpAv9y_9e3kv5sG_J71VWv7A6K6tOvx-F-JDcAN9DvhUdS97WhXRT9EGrvhaW5-Vw_wIp1NSygkNvHBrCjmcBYJbg7MCGop3DOHXf9YiETgyA6ySOQhYmJrFgSL0_2aQ3uQ:1ruOV9:CQWpA7gcVv_fj8MXIyk7bU9usGsKP_LcOvQLKtbwaps", "expire_date": "2024-04-24T03:19:55.643Z"}}, {"model": "sessions.session", "pk": "60gyw4u07lp9w4jkp4pkjyjka794hnpg", "fields": {"session_data": ".eJxVjEEOwiAQRe_C2hCYdlrq0r1nIAwzlaqBpLQr492VpAv9y_9e3kv5sG_J71VWv7A6K6tOvx-F-JDcAN9DvhUdS97WhXRT9EGrvhaW5-Vw_wIp1NSygkNvHBrCjmcBYJbg7MCGop3DOHXf9YiETgyA6ySOQhYmJrFgSL0_2aQ3uQ:1s4tWr:Xdfzefsg7KnynE2ajtpuzHygQ8Yc2DLxuVS5p-sGjWw", "expire_date": "2024-05-23T02:29:05.307Z"}}, {"model": "sessions.session", "pk": "g5h7vvripqu5aidslc8brl7qoh49l136", "fields": {"session_data": ".eJxVjEEOwiAQRe_C2hCYdlrq0r1nIAwzlaqBpLQr492VpAv9y_9e3kv5sG_J71VWv7A6K6tOvx-F-JDcAN9DvhUdS97WhXRT9EGrvhaW5-Vw_wIp1NSygkNvHBrCjmcBYJbg7MCGop3DOHXf9YiETgyA6ySOQhYmJrFgSL0_2aQ3uQ:1sRi0W:wiuRomQB2RxE5ZPfk4p641qFhbvfZ0oFSmv04E0r0o4", "expire_date": "2024-07-25T00:50:00.524Z"}}, {"model": "sessions.session", "pk": "mdjzkp57nf06zz53cmfs3ueuaortdxzm", "fields": {"session_data": ".eJxVjEEOwiAQRe_C2hCYdlrq0r1nIAwzlaqBpLQr492VpAv9y_9e3kv5sG_J71VWv7A6K6tOvx-F-JDcAN9DvhUdS97WhXRT9EGrvhaW5-Vw_wIp1NSygkNvHBrCjmcBYJbg7MCGop3DOHXf9YiETgyA6ySOQhYmJrFgSL0_2aQ3uQ:1s5Apk:AMaOcueWhes4auVPbMTOKhIHzVHeJ0DBe3SEC9NNsnI", "expire_date": "2024-05-23T20:57:44.891Z"}}, {"model": "sessions.session", "pk": "oezi51fz7yg25b4k8hd99jg4mply94sc", "fields": {"session_data": ".eJxVjEEOwiAQRe_C2hCYdlrq0r1nIAwzlaqBpLQr492VpAv9y_9e3kv5sG_J71VWv7A6K6tOvx-F-JDcAN9DvhUdS97WhXRT9EGrvhaW5-Vw_wIp1NSygkNvHBrCjmcBYJbg7MCGop3DOHXf9YiETgyA6ySOQhYmJrFgSL0_2aQ3uQ:1rwXn8:GzCNsMifH_pT6pml1j5OyOlVo-UBXrWOkmAnSYnr__I", "expire_date": "2024-04-30T01:39:22.563Z"}}, {"model": "sessions.session", "pk": "qyuact2ftl06oe09nprynp9hk0oneylv", "fields": {"session_data": ".eJxVjEEOwiAQRe_C2hCYdlrq0r1nIAwzlaqBpLQr492VpAv9y_9e3kv5sG_J71VWv7A6K6tOvx-F-JDcAN9DvhUdS97WhXRT9EGrvhaW5-Vw_wIp1NSygkNvHBrCjmcBYJbg7MCGop3DOHXf9YiETgyA6ySOQhYmJrFgSL0_2aQ3uQ:1ruh92:xjsmbjM4JR_qaA2BUs3ugegp3PIovO21QhQkpGtXcr0", "expire_date": "2024-04-24T23:14:20.412Z"}}, {"model": "sessions.session", "pk": "tck1ez6kbv8t4q60vo7cw9h5zntkvfv0", "fields": {"session_data": ".eJxVjEEOwiAQRe_C2hCYdlrq0r1nIAwzlaqBpLQr492VpAv9y_9e3kv5sG_J71VWv7A6K6tOvx-F-JDcAN9DvhUdS97WhXRT9EGrvhaW5-Vw_wIp1NSygkNvHBrCjmcBYJbg7MCGop3DOHXf9YiETgyA6ySOQhYmJrFgSL0_2aQ3uQ:1rxGOd:wyvQCRAK8ZIfgTAFTsc2vtWsgnjR7xjPNGxU-z9WttY", "expire_date": "2024-05-02T01:17:03.116Z"}}, {"model": "sessions.session", "pk": "x74lqim4zg3877mo7vjt5cq41irzaljs", "fields": {"session_data": ".eJxVjEEOwiAQRe_C2hCYdlrq0r1nIAwzlaqBpLQr492VpAv9y_9e3kv5sG_J71VWv7A6K6tOvx-F-JDcAN9DvhUdS97WhXRT9EGrvhaW5-Vw_wIp1NSygkNvHBrCjmcBYJbg7MCGop3DOHXf9YiETgyA6ySOQhYmJrFgSL0_2aQ3uQ:1ruIaA:1xlIxRMRwUTh9BHA7MAiC2FZKXUInQvXcPC53l_TBqI", "expire_date": "2024-04-23T21:00:42.861Z"}}, {"model": "specgenie.category", "pk": 1, "fields": {"name": "Laptop"}}, {"model": "specgenie.category", "pk": 2, "fields": {"name": "TV"}}, {"model": "specgenie.category", "pk": 3, "fields": {"name": "Tablet"}}, {"model": "specgenie.category", "pk": 4, "fields": {"name": "Processor"}}, {"model": "specgenie.category", "pk": 5, "fields": {"name": "Headphone"}}, {"model": "specgenie.promptrole", "pk": 1, "fields": {"name": "Maker"}}, {"model": "specgenie.promptrole", "pk": 2, "fields": {"name": "Judge"}}, {"model": "specgenie.promptrole", "pk": 3, "fields": {"name": "Copywriter"}}, {"model": "specgenie.promptlang", "pk": 1, "fields": {"name": "en"}}, {"model": "specgenie.promptlang", "pk": 2, "fields": {"name": "es"}}, {"model": "specgenie.prompt", "pk": 1, "fields": {"category": 1, "role": 1, "lang": 1, "number": 3, "version": 1, "content": "From now I'll give you the brand and part-number of a laptop. Using the template I'll give you, you'll create a data sheet of the product that the input represents (following the JSON format of the template). CAPITALIZED WORDS are my placeholders for content. Try to fit the output into one or more of the placeholders that I list. Please preserve the formatting and overall template that I provide. If there's any missing information leave the fields blank, don't make up information. The template is:\r\n{\r\n    \"name\":NAME,\r\n    \"processor\":PROCESSOR,\r\n    \"ram\":RAM,\r\n    \"storage\":STORAGE,\r\n    \"screen size\":SCREEN SIZE,\r\n    \"graphics\":GRAPHICS,\r\n    \"description\":DESCRIPTION\r\n}"}}, {"model": "specgenie.prompt", "pk": 2, "fields": {"category": 2, "role": 1, "lang": 1, "number": 3, "version": 1, "content": "From now I'll give you the brand and part-number of a TV. Using the template I'll give you, you'll create a data sheet of the product that the input represents (following the JSON format of the template). CAPITALIZED WORDS are my placeholders for content. Try to fit the output into one or more of the placeholders that I list. Please preserve the formatting and overall template that I provide. If there's any missing information leave the fields blank, don't make up information. The template is:\r\n{\r\n    \"name\":NAME,\r\n    \"screen size\":SCREEN SIZE,\r\n    \"resolution\":RESOLUTION,\r\n    \"refresh rate\":REFRESH RATE,\r\n    \"connectivity\":CONNECTIVITY,\r\n    \"display technology\":DISPLAY TECHNOLOGY,\r\n    \"description\":DESCRIPTION\r\n}"}}, {"model": "specgenie.prompt", "pk": 3, "fields": {"category": 3, "role": 1, "lang": 1, "number": 3, "version": 1, "content": "From now I'll give you the brand and part-number of a tablet. Using the template I'll give you, you'll create a data sheet of the product that the input represents (following the JSON format of the template). CAPITALIZED WORDS are my placeholders for content. Try to fit the output into one or more of the placeholders that I list. Please preserve the formatting and overall template that I provide. If there's any missing information leave the fields blank, don't make up information. The template is:\r\n{\r\n    \"name\":NAME,\r\n    \"processor\":PROCESSOR,\r\n    \"storage\":STORAGE,\r\n    \"screen size\":SCREEN SIZE,\r\n    \"battery capacity\":BATTERY CAPACITY,\r\n    \"mobile network connection\":MOBILE NETWORK CONNECTION,\r\n    \"description\":DESCRIPTION\r\n}"}}, {"model": "specgenie.prompt", "pk": 4, "fields": {"category": 4, "role": 1, "lang": 1, "number": 3, "version": 1, "content": "From now I'll give you the brand and part-number of a processor. Using the template I'll give you, you'll create a data sheet of the product that the input represents (following the JSON format of the template). CAPITALIZED WORDS are my placeholders for content. Try to fit the output into one or more of the placeholders that I list. Please preserve the formatting and overall template that I provide. If there's any missing information leave the fields blank, don't make up information. The template is:\r\n{\r\n    \"name\":NAME,\r\n    \"number of cores\":NUMBER OF CORES,\r\n    \"threads\":THREADS,\r\n    \"socket\":SOCKET,\r\n    \"cache\":CACHE,\r\n    \"graphics\":GRAPHICS,\r\n    \"description\":DESCRIPTION\r\n}"}}, {"model": "specgenie.prompt", "pk": 5, "fields": {"category": 5, "role": 1, "lang": 1, "number": 3, "version": 1, "content": "From now I'll give you the brand and part-number of a headphone. Using the template I'll give you, you'll create a data sheet of the product that the input represents (following the JSON format of the template). CAPITALIZED WORDS are my placeholders for content. Try to fit the output into one or more of the placeholders that I list. Please preserve the formatting and overall template that I provide. If there's any missing information leave the fields blank, don't make up information. The template is:\r\n{\r\n    \"name\":NAME,\r\n    \"headphone frequency\":HEADPHONE FREQUENCY,\r\n    \"headphone sensitivity\":HEADPHONE SENSITIVITY,\r\n    \"type\":TYPE,\r\n    \"color(s)\":COLOR(S),\r\n    \"connectivity technology\":CONNECTIVITY TECHNOLOGY,\r\n    \"description\":DESCRIPTION\r\n}"}}, {"model": "specgenie.prompt", "pk": 6, "fields": {"category": 1, "role": 2, "lang": 1, "number": 1, "version": 1, "content": "From now on, I'll give you 2 data sheets in JSON format. The first one serves as the \"ground truth\". Both data sheets depict laptops. Your evaluation should be based on the following criteria:\r\nCorrect: Both sheets describe the same product and convey the same functionalities, even if phrased differently or with minor naming variations. Note: Minor differences in wording or naming conventions alone won't affect the evaluation.\r\nInconsistencies found: While the sheets refer to the same product, some specs differ in a way that might be important to the functionality.\r\nIncorrect: The sheets have information about different products.\r\nPlease provide a comprehensive explanation for your evaluation using the template I'll provide. CAPITALIZED WORDS are my placeholders for content.\r\nThe template is: { \"veredict\":VEREDICT, \"reasoning\":REASONING }"}}, {"model": "specgenie.prompt", "pk": 7, "fields": {"category": 2, "role": 2, "lang": 1, "number": 1, "version": 1, "content": "From now on, I'll give you 2 data sheets in JSON format. The first one serves as the \"ground truth\". Both data sheets depict TVs. Your evaluation should be based on the following criteria:\r\nCorrect: Both sheets describe the same product and convey the same functionalities, even if phrased differently or with minor naming variations. Note: Minor differences in wording or naming conventions alone won't affect the evaluation.\r\nInconsistencies found: While the sheets refer to the same product, some specs differ in a way that might be important to the functionality.\r\nIncorrect: The sheets have information about different products.\r\nPlease provide a comprehensive explanation for your evaluation using the template I'll provide. CAPITALIZED WORDS are my placeholders for content.\r\nThe template is: { \"veredict\":VEREDICT, \"reasoning\":REASONING }"}}, {"model": "specgenie.prompt", "pk": 8, "fields": {"category": 3, "role": 2, "lang": 1, "number": 1, "version": 1, "content": "From now on, I'll give you 2 data sheets in JSON format. The first one serves as the \"ground truth\". Both data sheets depict tablets. Your evaluation should be based on the following criteria:\r\nCorrect: Both sheets describe the same product and convey the same functionalities, even if phrased differently or with minor naming variations. Note: Minor differences in wording or naming conventions alone won't affect the evaluation.\r\nInconsistencies found: While the sheets refer to the same product, some specs differ in a way that might be important to the functionality.\r\nIncorrect: The sheets have information about different products.\r\nPlease provide a comprehensive explanation for your evaluation using the template I'll provide. CAPITALIZED WORDS are my placeholders for content.\r\nThe template is: { \"veredict\":VEREDICT, \"reasoning\":REASONING }"}}, {"model": "specgenie.prompt", "pk": 9, "fields": {"category": 4, "role": 2, "lang": 1, "number": 1, "version": 1, "content": "From now on, I'll give you 2 data sheets in JSON format. The first one serves as the \"ground truth\". Both data sheets depict processors. Your evaluation should be based on the following criteria:\r\nCorrect: Both sheets describe the same product and convey the same functionalities, even if phrased differently or with minor naming variations. Note: Minor differences in wording or naming conventions alone won't affect the evaluation.\r\nInconsistencies found: While the sheets refer to the same product, some specs differ in a way that might be important to the functionality.\r\nIncorrect: The sheets have information about different products.\r\nPlease provide a comprehensive explanation for your evaluation using the template I'll provide. CAPITALIZED WORDS are my placeholders for content.\r\nThe template is: { \"veredict\":VEREDICT, \"reasoning\":REASONING }"}}, {"model": "specgenie.prompt", "pk": 10, "fields": {"category": 5, "role": 2, "lang": 1, "number": 1, "version": 1, "content": "From now on, I'll give you 2 data sheets in JSON format. The first one serves as the \"ground truth\". Both data sheets depict headphones. Your evaluation should be based on the following criteria:\r\nCorrect: Both sheets describe the same product and convey the same functionalities, even if phrased differently or with minor naming variations. Note: Minor differences in wording or naming conventions alone won't affect the evaluation.\r\nInconsistencies found: While the sheets refer to the same product, some specs differ in a way that might be important to the functionality.\r\nIncorrect: The sheets have information about different products.\r\nPlease provide a comprehensive explanation for your evaluation using the template I'll provide. CAPITALIZED WORDS are my placeholders for content.\r\nThe template is: { \"veredict\":VEREDICT, \"reasoning\":REASONING }"}}, {"model": "specgenie.prompt", "pk": 11, "fields": {"category": 1, "role": 1, "lang": 1, "number": 4, "version": 1, "content": "From now I'll give you the brand and part-number of a laptop, along with some context enclosed by <context></context>. Using the template I'll give you, you'll create a data sheet of the product that the input represents (following the JSON format of the template). CAPITALIZED WORDS are my placeholders for content. Try to fit the output into one or more of the placeholders that I list. Please preserve the formatting and overall template that I provide. If there's any missing information leave the fields blank, don't make up information. The provided context is the first result of searching that product on Google. In case you don't have information about the product, you can use that information as well. The template is:\r\n{\r\n    \"name\":NAME,\r\n    \"processor\":PROCESSOR,\r\n    \"RAM\":RAM,\r\n    \"storage\":STORAGE,\r\n    \"screen size\":SCREEN SIZE,\r\n    \"graphics\":GRAPHICS,\r\n    \"description\":DESCRIPTION\r\n}"}}, {"model": "specgenie.prompt", "pk": 12, "fields": {"category": 2, "role": 1, "lang": 1, "number": 4, "version": 1, "content": "From now I'll give you the brand and part-number of a TV, along with some context enclosed by <context></context>. Using the template I'll give you, you'll create a data sheet of the product that the input represents (following the JSON format of the template). CAPITALIZED WORDS are my placeholders for content. Try to fit the output into one or more of the placeholders that I list. Please preserve the formatting and overall template that I provide. If there's any missing information leave the fields blank, don't make up information. The provided context is the first result of searching that product on Google. In case you don't have information about the product, you can use that information as well. The template is:\r\n{\r\n    \"name\":NAME,\r\n    \"screen size\":SCREEN SIZE,\r\n    \"resolution\":RESOLUTION,\r\n    \"refresh rate\":REFRESH RATE,\r\n    \"connectivity\":CONNECTIVITY,\r\n    \"display technology\":DISPLAY TECHNOLOGY,\r\n    \"description\":DESCRIPTION\r\n}"}}, {"model": "specgenie.prompt", "pk": 13, "fields": {"category": 3, "role": 1, "lang": 1, "number": 4, "version": 1, "content": "From now I'll give you the brand and part-number of a tablet, along with some context enclosed by <context></context>. Using the template I'll give you, you'll create a data sheet of the product that the input represents (following the JSON format of the template). CAPITALIZED WORDS are my placeholders for content. Try to fit the output into one or more of the placeholders that I list. Please preserve the formatting and overall template that I provide. If there's any missing information leave the fields blank, don't make up information. The provided context is the first result of searching that product on Google. In case you don't have information about the product, you can use that information as well. The template is:\r\n{\r\n    \"name\":NAME,\r\n    \"processor\":PROCESSOR,\r\n    \"storage\":STORAGE,\r\n    \"screen size\":SCREEN SIZE,\r\n    \"battery capacity\":BATTERY CAPACITY,\r\n    \"mobile network connection\":MOBILE NETWORK CONNECTION,\r\n    \"description\":DESCRIPTION\r\n}"}}, {"model": "specgenie.prompt", "pk": 14, "fields": {"category": 4, "role": 1, "lang": 1, "number": 4, "version": 1, "content": "From now I'll give you the brand and part-number of a processor, along with some context enclosed by <context></context>. Using the template I'll give you, you'll create a data sheet of the product that the input represents (following the JSON format of the template). CAPITALIZED WORDS are my placeholders for content. Try to fit the output into one or more of the placeholders that I list. Please preserve the formatting and overall template that I provide. If there's any missing information leave the fields blank, don't make up information. The provided context is the first result of searching that product on Google. In case you don't have information about the product, you can use that information as well. The template is:\r\n{\r\n    \"name\":NAME,\r\n    \"number of cores\":NUMBER OF CORES,\r\n    \"threads\":THREADS,\r\n    \"socket\":SOCKET,\r\n    \"cache\":CACHE,\r\n    \"graphics\":GRAPHICS,\r\n    \"description\":DESCRIPTION\r\n}"}}, {"model": "specgenie.prompt", "pk": 15, "fields": {"category": 5, "role": 1, "lang": 1, "number": 4, "version": 1, "content": "From now I'll give you the brand and part-number of a headphone, along with some context enclosed by <context></context>. Using the template I'll give you, you'll create a data sheet of the product that the input represents (following the JSON format of the template). CAPITALIZED WORDS are my placeholders for content. Try to fit the output into one or more of the placeholders that I list. Please preserve the formatting and overall template that I provide. If there's any missing information leave the fields blank, don't make up information. The provided context is the first result of searching that product on Google. In case you don't have information about the product, you can use that information as well. The template is:\r\n{\r\n    \"name\":NAME,\r\n    \"headphone frequency\":HEADPHONE FREQUENCY,\r\n    \"headphone sensitivity\":HEADPHONE SENSITIVITY,\r\n    \"type\":TYPE,\r\n    \"color(s)\":COLOR(S),\r\n    \"connectivity technology\":CONNECTIVITY TECHNOLOGY,\r\n    \"description\":DESCRIPTION\r\n}"}}, {"model": "specgenie.prompt", "pk": 16, "fields": {"category": 1, "role": 3, "lang": 1, "number": 1, "version": 1, "content": "From now on, act as a marketing expert. I'll provide you with data sheets depicting laptops, and you'll give me an attractive description for them. I plan to use that description right away, so response must only contain the description, nothing else."}}, {"model": "specgenie.prompt", "pk": 17, "fields": {"category": 2, "role": 3, "lang": 1, "number": 1, "version": 1, "content": "From now on, act as a marketing expert. I'll provide you with data sheets depicting TVs, and you'll give me an attractive description for them. I plan to use that description right away, so response must only contain the description, nothing else."}}, {"model": "specgenie.prompt", "pk": 18, "fields": {"category": 3, "role": 3, "lang": 1, "number": 1, "version": 1, "content": "From now on, act as a marketing expert. I'll provide you with data sheets depicting tablets, and you'll give me an attractive description for them. I plan to use that description right away, so response must only contain the description, nothing else."}}, {"model": "specgenie.prompt", "pk": 19, "fields": {"category": 4, "role": 3, "lang": 1, "number": 1, "version": 1, "content": "From now on, act as a marketing expert. I'll provide you with data sheets depicting processors, and you'll give me an attractive description for them. I plan to use that description right away, so response must only contain the description, nothing else."}}, {"model": "specgenie.prompt", "pk": 20, "fields": {"category": 5, "role": 3, "lang": 1, "number": 1, "version": 1, "content": "From now on, act as a marketing expert. I'll provide you with data sheets depicting headphones, and you'll give me an attractive description for them. I plan to use that description right away, so response must only contain the description, nothing else."}}, {"model": "specgenie.prompt", "pk": 21, "fields": {"category": 1, "role": 1, "lang": 1, "number": 4, "version": 2, "content": "From now I'll give you the brand and part-number of a laptop, along with some context enclosed by <context></context>. Using the template I'll give you, you'll create a data sheet of the product that the input represents (following the JSON format of the template). CAPITALIZED WORDS are my placeholders for content. Try to fit the output into one or more of the placeholders that I list. Please preserve the formatting and overall template that I provide. If there's any missing information leave the fields blank, don't make up information. The provided context is the first result of searching that product on Google. In case you don't have information about the product, you can use that information as well. The template is:\r\n{\r\n    \"name\":NAME,\r\n    \"processor\":PROCESSOR,\r\n    \"RAM\":RAM,\r\n    \"storage\":STORAGE,\r\n    \"screen size\":SCREEN SIZE,\r\n    \"graphics\":GRAPHICS\r\n}"}}, {"model": "specgenie.prompt", "pk": 22, "fields": {"category": 2, "role": 1, "lang": 1, "number": 4, "version": 2, "content": "From now I'll give you the brand and part-number of a TV, along with some context enclosed by <context></context>. Using the template I'll give you, you'll create a data sheet of the product that the input represents (following the JSON format of the template). CAPITALIZED WORDS are my placeholders for content. Try to fit the output into one or more of the placeholders that I list. Please preserve the formatting and overall template that I provide. If there's any missing information leave the fields blank, don't make up information. The provided context is the first result of searching that product on Google. In case you don't have information about the product, you can use that information as well. The template is:\r\n{\r\n    \"name\":NAME,\r\n    \"screen size\":SCREEN SIZE,\r\n    \"resolution\":RESOLUTION,\r\n    \"refresh rate\":REFRESH RATE,\r\n    \"connectivity\":CONNECTIVITY,\r\n    \"display technology\":DISPLAY TECHNOLOGY\r\n}"}}, {"model": "specgenie.prompt", "pk": 23, "fields": {"category": 3, "role": 1, "lang": 1, "number": 4, "version": 2, "content": "From now I'll give you the brand and part-number of a tablet, along with some context enclosed by <context></context>. Using the template I'll give you, you'll create a data sheet of the product that the input represents (following the JSON format of the template). CAPITALIZED WORDS are my placeholders for content. Try to fit the output into one or more of the placeholders that I list. Please preserve the formatting and overall template that I provide. If there's any missing information leave the fields blank, don't make up information. The provided context is the first result of searching that product on Google. In case you don't have information about the product, you can use that information as well. The template is:\r\n{\r\n    \"name\":NAME,\r\n    \"processor\":PROCESSOR,\r\n    \"storage\":STORAGE,\r\n    \"screen size\":SCREEN SIZE,\r\n    \"battery capacity\":BATTERY CAPACITY,\r\n    \"mobile network connection\":MOBILE NETWORK CONNECTION\r\n}"}}, {"model": "specgenie.prompt", "pk": 24, "fields": {"category": 4, "role": 1, "lang": 1, "number": 4, "version": 2, "content": "From now I'll give you the brand and part-number of a processor, along with some context enclosed by <context></context>. Using the template I'll give you, you'll create a data sheet of the product that the input represents (following the JSON format of the template). CAPITALIZED WORDS are my placeholders for content. Try to fit the output into one or more of the placeholders that I list. Please preserve the formatting and overall template that I provide. If there's any missing information leave the fields blank, don't make up information. The provided context is the first result of searching that product on Google. In case you don't have information about the product, you can use that information as well. The template is:\r\n{\r\n    \"name\":NAME,\r\n    \"number of cores\":NUMBER OF CORES,\r\n    \"threads\":THREADS,\r\n    \"socket\":SOCKET,\r\n    \"cache\":CACHE,\r\n    \"graphics\":GRAPHICS\r\n}"}}, {"model": "specgenie.prompt", "pk": 25, "fields": {"category": 5, "role": 1, "lang": 1, "number": 4, "version": 2, "content": "From now I'll give you the brand and part-number of a headphone, along with some context enclosed by <context></context>. Using the template I'll give you, you'll create a data sheet of the product that the input represents (following the JSON format of the template). CAPITALIZED WORDS are my placeholders for content. Try to fit the output into one or more of the placeholders that I list. Please preserve the formatting and overall template that I provide. If there's any missing information leave the fields blank, don't make up information. The provided context is the first result of searching that product on Google. In case you don't have information about the product, you can use that information as well. The template is:\r\n{\r\n    \"name\":NAME,\r\n    \"headphone frequency\":HEADPHONE FREQUENCY,\r\n    \"headphone sensitivity\":HEADPHONE SENSITIVITY,\r\n    \"type\":TYPE,\r\n    \"color(s)\":COLOR(S),\r\n    \"connectivity technology\":CONNECTIVITY TECHNOLOGY\r\n}"}}, {"model": "specgenie.prompt", "pk": 26, "fields": {"category": 1, "role": 3, "lang": 2, "number": 1, "version": 1, "content": "A partir de ahora, actua como un experto en marketing. Te proporcionare hojas de datos que describen laptops y tu me daras una descripcion atractiva para estas. Planeo usar esa descripcion de inmediato, por lo que la respuesta solo debe contener la descripcion, nada mas."}}, {"model": "specgenie.prompt", "pk": 27, "fields": {"category": 2, "role": 3, "lang": 2, "number": 1, "version": 1, "content": "A partir de ahora, actua como un experto en marketing. Te proporcionare hojas de datos que describen TVs y tu me daras una descripcion atractiva para estas. Planeo usar esa descripcion de inmediato, por lo que la respuesta solo debe contener la descripcion, nada mas."}}, {"model": "specgenie.prompt", "pk": 28, "fields": {"category": 3, "role": 3, "lang": 2, "number": 1, "version": 1, "content": "A partir de ahora, actua como un experto en marketing. Te proporcionare hojas de datos que describen tablets y tu me daras una descripcion atractiva para estas. Planeo usar esa descripcion de inmediato, por lo que la respuesta solo debe contener la descripcion, nada mas."}}, {"model": "specgenie.prompt", "pk": 29, "fields": {"category": 4, "role": 3, "lang": 2, "number": 1, "version": 1, "content": "A partir de ahora, actua como un experto en marketing. Te proporcionare hojas de datos que describen procesadores y tu me daras una descripcion atractiva para estos. Planeo usar esa descripcion de inmediato, por lo que la respuesta solo debe contener la descripcion, nada mas."}}, {"model": "specgenie.prompt", "pk": 30, "fields": {"category": 5, "role": 3, "lang": 2, "number": 1, "version": 1, "content": "A partir de ahora, actua como un experto en marketing. Te proporcionare hojas de datos que describen audifonos y tu me daras una descripcion atractiva para estos. Planeo usar esa descripcion de inmediato, por lo que la respuesta solo debe contener la descripcion, nada mas."}}, {"model": "specgenie.groundtruthattribute", "pk": 1, "fields": {"category": 1, "name": "Processor"}}, {"model": "specgenie.groundtruthattribute", "pk": 2, "fields": {"category": 1, "name": "RAM"}}, {"model": "specgenie.groundtruthattribute", "pk": 3, "fields": {"category": 1, "name": "Storage"}}, {"model": "specgenie.groundtruthattribute", "pk": 4, "fields": {"category": 1, "name": "Screen Size"}}, {"model": "specgenie.groundtruthattribute", "pk": 5, "fields": {"category": 1, "name": "Graphics"}}, {"model": "specgenie.groundtruthattribute", "pk": 6, "fields": {"category": 2, "name": "Screen Size"}}, {"model": "specgenie.groundtruthattribute", "pk": 7, "fields": {"category": 2, "name": "Resolution"}}, {"model": "specgenie.groundtruthattribute", "pk": 8, "fields": {"category": 2, "name": "Refresh Rate"}}, {"model": "specgenie.groundtruthattribute", "pk": 9, "fields": {"category": 2, "name": "Connectivity"}}, {"model": "specgenie.groundtruthattribute", "pk": 10, "fields": {"category": 2, "name": "Display Technology"}}, {"model": "specgenie.groundtruthattribute", "pk": 11, "fields": {"category": 3, "name": "Processor"}}, {"model": "specgenie.groundtruthattribute", "pk": 12, "fields": {"category": 3, "name": "Storage"}}, {"model": "specgenie.groundtruthattribute", "pk": 13, "fields": {"category": 3, "name": "Screen Size"}}, {"model": "specgenie.groundtruthattribute", "pk": 14, "fields": {"category": 3, "name": "Battery Capacity"}}, {"model": "specgenie.groundtruthattribute", "pk": 15, "fields": {"category": 3, "name": "Mobile Network Connection"}}, {"model": "specgenie.groundtruthattribute", "pk": 16, "fields": {"category": 4, "name": "Number of Cores"}}, {"model": "specgenie.groundtruthattribute", "pk": 17, "fields": {"category": 4, "name": "Threads"}}, {"model": "specgenie.groundtruthattribute", "pk": 18, "fields": {"category": 4, "name": "Socket"}}, {"model": "specgenie.groundtruthattribute", "pk": 19, "fields": {"category": 4, "name": "Cache"}}, {"model": "specgenie.groundtruthattribute", "pk": 20, "fields": {"category": 4, "name": "Graphics"}}, {"model": "specgenie.groundtruthattribute", "pk": 21, "fields": {"category": 5, "name": "Headphone Frequency"}}, {"model": "specgenie.groundtruthattribute", "pk": 22, "fields": {"category": 5, "name": "Headphone Sensitivity"}}, {"model": "specgenie.groundtruthattribute", "pk": 23, "fields": {"category": 5, "name": "Type"}}, {"model": "specgenie.groundtruthattribute", "pk": 24, "fields": {"category": 5, "name": "Color(s)"}}, {"model": "specgenie.groundtruthattribute", "pk": 25, "fields": {"category": 5, "name": "Connectivity Technology"}}, {"model": "specgenie.groundtruthproduct", "pk": 1, "fields": {"category": 1, "name": "Lenovo ThinkPad X1 Carbon Gen 11 Intel (14\") - Black", "brand": "Lenovo", "part_number": "21HM002EUS", "description": ""}}, {"model": "specgenie.groundtruthproduct", "pk": 2, "fields": {"category": 1, "name": "Acer Aspire 3 Laptop - A314-22-R73F", "brand": "Acer", "part_number": "NX.HVVAA.003", "description": ""}}, {"model": "specgenie.groundtruthproduct", "pk": 3, "fields": {"category": 1, "name": "Apple MacBook Air 13-inch: M1 chip with 8-core CPU and 7-core GPU, 256GB - Gold (2020)", "brand": "Apple", "part_number": "MGND3B/A", "description": ""}}, {"model": "specgenie.groundtruthproduct", "pk": 4, "fields": {"category": 1, "name": "Legion Pro 5 Gen 8 AMD (16\") with RTX 4070", "brand": "Lenovo", "part_number": "82WM0005US", "description": ""}}, {"model": "specgenie.groundtruthproduct", "pk": 5, "fields": {"category": 1, "name": "Lenovo IdeaPad 320-15ISK", "brand": "Lenovo", "part_number": "80XH01CRCL", "description": ""}}, {"model": "specgenie.groundtruthproduct", "pk": 6, "fields": {"category": 1, "name": "Lenovo Legion 5 Pro 16\" 7ma Gen - Storm Grey", "brand": "Lenovo", "part_number": "82RG009MCL", "description": ""}}, {"model": "specgenie.groundtruthproduct", "pk": 7, "fields": {"category": 1, "name": "Apple MacBook Air (Early 2020 / i3-1000NG4 / 256 GB / Space Gray)", "brand": "Apple", "part_number": "MWTJ2CI/A", "description": ""}}, {"model": "specgenie.groundtruthproduct", "pk": 8, "fields": {"category": 1, "name": "HP 240 G7", "brand": "HP", "part_number": "1D0F5LT#ABM", "description": ""}}, {"model": "specgenie.groundtruthproduct", "pk": 9, "fields": {"category": 1, "name": "Dell Latitude 5420", "brand": "DELL", "part_number": "N2HTG", "description": ""}}, {"model": "specgenie.groundtruthproduct", "pk": 10, "fields": {"category": 1, "name": "ASUS ExpertBook P1412", "brand": "ASUS", "part_number": "90NX05D1-M00HP0", "description": ""}}, {"model": "specgenie.groundtruthproduct", "pk": 11, "fields": {"category": 2, "name": "77-Inch Class OLED evo C4 Series TV with webOS 24", "brand": "LG", "part_number": "OLED77C4PUA", "description": ""}}, {"model": "specgenie.groundtruthproduct", "pk": 12, "fields": {"category": 2, "name": "SmartTV Xiaomi ELA5029LM", "brand": "Xiaomi", "part_number": "43715", "description": ""}}, {"model": "specgenie.groundtruthproduct", "pk": 13, "fields": {"category": 2, "name": "Philips 43PFD6918", "brand": "Philips", "part_number": "43PFD6918", "description": ""}}, {"model": "specgenie.groundtruthproduct", "pk": 14, "fields": {"category": 2, "name": "Samsung Crystal UHD QMC Series 65\"", "brand": "Samsung", "part_number": "LH65QMCEBGCXGO", "description": ""}}, {"model": "specgenie.groundtruthproduct", "pk": 15, "fields": {"category": 2, "name": "Caixun C32V1HR", "brand": "Caixun", "part_number": "C32V1HR", "description": ""}}, {"model": "specgenie.groundtruthproduct", "pk": 16, "fields": {"category": 2, "name": "Smart TV Led 32\" Android HD Bluetooth Master-G MGG32HF", "brand": "Master-G", "part_number": "MGG32HF", "description": ""}}, {"model": "specgenie.groundtruthproduct", "pk": 17, "fields": {"category": 2, "name": "Smart TV LED 32\" HD AOC ROKU TV FHD 32S5195/78G", "brand": "AOC", "part_number": "32S5195", "description": ""}}, {"model": "specgenie.groundtruthproduct", "pk": 18, "fields": {"category": 3, "name": "Lenovo Tab M10 Plus (Gen 3)", "brand": "Lenovo", "part_number": "ZAAJ0061US", "description": ""}}, {"model": "specgenie.groundtruthproduct", "pk": 19, "fields": {"category": 3, "name": "Samsung Galaxy Tab S9", "brand": "Samsung", "part_number": "SM-X710NZADCHO", "description": ""}}, {"model": "specgenie.groundtruthproduct", "pk": 20, "fields": {"category": 3, "name": "Lenovo M10 3rd Gen", "brand": "Lenovo", "part_number": "ZAAF0073CL", "description": ""}}, {"model": "specgenie.groundtruthproduct", "pk": 21, "fields": {"category": 3, "name": "Unitech TB85", "brand": "Unitech", "part_number": "TB85-0ALFUMDG", "description": ""}}, {"model": "specgenie.groundtruthproduct", "pk": 22, "fields": {"category": 3, "name": "iPad 10.2 9th Gen", "brand": "Apple", "part_number": "MK2K3CI/A", "description": ""}}, {"model": "specgenie.groundtruthproduct", "pk": 23, "fields": {"category": 3, "name": "Tablet GLOWY 10\" 4G LTE Sketch Pen", "brand": "Microlab", "part_number": "8990", "description": ""}}, {"model": "specgenie.groundtruthproduct", "pk": 24, "fields": {"category": 4, "name": "Intel Core i5-12400F", "brand": "Intel", "part_number": "BX8071512400F", "description": ""}}, {"model": "specgenie.groundtruthproduct", "pk": 25, "fields": {"category": 4, "name": "Intel Core i5-12400", "brand": "Intel", "part_number": "BX8071512400", "description": ""}}, {"model": "specgenie.groundtruthproduct", "pk": 26, "fields": {"category": 4, "name": "Intel Core i3-10100", "brand": "Intel", "part_number": "BX8070110100", "description": ""}}, {"model": "specgenie.groundtruthproduct", "pk": 27, "fields": {"category": 4, "name": "Intel Pentium Gold G6400", "brand": "Intel", "part_number": "BX80701G6400", "description": ""}}, {"model": "specgenie.groundtruthproduct", "pk": 28, "fields": {"category": 4, "name": "AMD Ryzen 5 8500G", "brand": "AMD", "part_number": "100-100000931BOX", "description": ""}}, {"model": "specgenie.groundtruthproduct", "pk": 29, "fields": {"category": 4, "name": "AMD Ryzen 5 5600G", "brand": "AMD", "part_number": "100-100000252BOX", "description": ""}}, {"model": "specgenie.groundtruthproduct", "pk": 30, "fields": {"category": 4, "name": "AMD Ryzen 9 7950X", "brand": "AMD", "part_number": "100-100000514WOF", "description": ""}}, {"model": "specgenie.groundtruthproduct", "pk": 31, "fields": {"category": 4, "name": "AMD Ryzen 7 8700G", "brand": "AMD", "part_number": "100-100001236BOX", "description": ""}}, {"model": "specgenie.groundtruthproduct", "pk": 32, "fields": {"category": 5, "name": "Jabra Evolve2 40 SE", "brand": "Jabra", "part_number": "24189-999-999", "description": ""}}, {"model": "specgenie.groundtruthproduct", "pk": 33, "fields": {"category": 5, "name": "Dell Stereo Headset WH1022", "brand": "Dell", "part_number": "520-AAVO", "description": ""}}, {"model": "specgenie.groundtruthproduct", "pk": 34, "fields": {"category": 5, "name": "Jaybird X4", "brand": "Jaybird", "part_number": "985-000851", "description": ""}}, {"model": "specgenie.groundtruthproduct", "pk": 35, "fields": {"category": 5, "name": "Sleve EVO BLACK", "brand": "Sleve", "part_number": "0798190012605", "description": ""}}, {"model": "specgenie.productattribute", "pk": 1, "fields": {"product": 1, "attribute": 1, "value": "13th Generation Intel Core i7-1365U vPro Processor (E-cores up to 3.90 GHz P-cores up to 5.20 GHz"}}, {"model": "specgenie.productattribute", "pk": 2, "fields": {"product": 1, "attribute": 2, "value": "16 GB LPDDR5-6400MHz (Soldered)"}}, {"model": "specgenie.productattribute", "pk": 3, "fields": {"product": 1, "attribute": 3, "value": "1 TB SSD M.2 2280 PCIe Gen4 Performance TLC Opal"}}, {"model": "specgenie.productattribute", "pk": 4, "fields": {"product": 1, "attribute": 4, "value": "14 inches"}}, {"model": "specgenie.productattribute", "pk": 5, "fields": {"product": 1, "attribute": 5, "value": "Integrated Intel Iris Xe Graphics"}}, {"model": "specgenie.productattribute", "pk": 6, "fields": {"product": 2, "attribute": 1, "value": "AMD Ryzen 5 3500U processor Quad-core 2.10 GHz"}}, {"model": "specgenie.productattribute", "pk": 7, "fields": {"product": 2, "attribute": 2, "value": "8 GB, DDR4 SDRAM"}}, {"model": "specgenie.productattribute", "pk": 8, "fields": {"product": 2, "attribute": 3, "value": "256 GB SSD"}}, {"model": "specgenie.productattribute", "pk": 9, "fields": {"product": 2, "attribute": 4, "value": "14 inches"}}, {"model": "specgenie.productattribute", "pk": 10, "fields": {"product": 2, "attribute": 5, "value": "AMD Radeon Vega 8"}}, {"model": "specgenie.productattribute", "pk": 11, "fields": {"product": 3, "attribute": 1, "value": "Apple M M1"}}, {"model": "specgenie.productattribute", "pk": 12, "fields": {"product": 3, "attribute": 2, "value": "8 GB"}}, {"model": "specgenie.productattribute", "pk": 13, "fields": {"product": 3, "attribute": 3, "value": "256 GB SSD"}}, {"model": "specgenie.productattribute", "pk": 14, "fields": {"product": 3, "attribute": 4, "value": "13 inches"}}, {"model": "specgenie.productattribute", "pk": 15, "fields": {"product": 3, "attribute": 5, "value": "7-core GPU"}}, {"model": "specgenie.productattribute", "pk": 16, "fields": {"product": 4, "attribute": 1, "value": "AMD Ryzen 7 7745HX Processor (3.60 GHz up to 5.10 GHz)"}}, {"model": "specgenie.productattribute", "pk": 17, "fields": {"product": 4, "attribute": 2, "value": "16 GB DDR5-5200MHz (SODIMM) - (2 x 8 GB)"}}, {"model": "specgenie.productattribute", "pk": 18, "fields": {"product": 4, "attribute": 3, "value": "1 TB SSD M.2 2280 PCIe Gen4 TLC"}}, {"model": "specgenie.productattribute", "pk": 19, "fields": {"product": 4, "attribute": 4, "value": "16 inches"}}, {"model": "specgenie.productattribute", "pk": 20, "fields": {"product": 4, "attribute": 5, "value": "NVIDIA GeForce RTX 4070 Laptop GPU 8GB GDDR6"}}, {"model": "specgenie.productattribute", "pk": 21, "fields": {"product": 5, "attribute": 1, "value": "Intel Core i3-6006U (2 nucleos / 4 hilos / 2000 MHz)"}}, {"model": "specgenie.productattribute", "pk": 22, "fields": {"product": 5, "attribute": 2, "value": "12 GB DDR4 (2133 MHz)"}}, {"model": "specgenie.productattribute", "pk": 23, "fields": {"product": 5, "attribute": 3, "value": "HDD 2 TB (5400rpm)"}}, {"model": "specgenie.productattribute", "pk": 24, "fields": {"product": 5, "attribute": 4, "value": "15.6 inches"}}, {"model": "specgenie.productattribute", "pk": 25, "fields": {"product": 5, "attribute": 5, "value": "Intel HD Graphics 520"}}, {"model": "specgenie.productattribute", "pk": 26, "fields": {"product": 6, "attribute": 1, "value": "AMD Ryzen 7 6800H (3,20 GHz hasta 4,70 GHz)"}}, {"model": "specgenie.productattribute", "pk": 27, "fields": {"product": 6, "attribute": 2, "value": "8 GB DDR5-4800MHz (SODIMM) + 8 GB DDR5-4800MHz (SODIMM)"}}, {"model": "specgenie.productattribute", "pk": 28, "fields": {"product": 6, "attribute": 3, "value": "512 GB SSD M.2 2242 PCIe Gen4 TLC"}}, {"model": "specgenie.productattribute", "pk": 29, "fields": {"product": 6, "attribute": 4, "value": "16 inches"}}, {"model": "specgenie.productattribute", "pk": 30, "fields": {"product": 6, "attribute": 5, "value": "GPU NVIDIA GeForce RTX serie 30"}}, {"model": "specgenie.productattribute", "pk": 31, "fields": {"product": 7, "attribute": 1, "value": "Intel Core i3-1000NG4 (2 nucleos / 4 hilos / 1100 MHz - 3200 MHz)"}}, {"model": "specgenie.productattribute", "pk": 32, "fields": {"product": 7, "attribute": 2, "value": "8 GB DDR4L (3733 MHz)"}}, {"model": "specgenie.productattribute", "pk": 33, "fields": {"product": 7, "attribute": 3, "value": "SSD 256 GB"}}, {"model": "specgenie.productattribute", "pk": 34, "fields": {"product": 7, "attribute": 4, "value": "13.3 inches"}}, {"model": "specgenie.productattribute", "pk": 35, "fields": {"product": 7, "attribute": 5, "value": "Intel Iris Plus Graphics G4 (Integrada)"}}, {"model": "specgenie.productattribute", "pk": 36, "fields": {"product": 8, "attribute": 1, "value": "Intel Celeron N4020 (Dual Core, cache de 4 MB, hasta 2,80 GHz)"}}, {"model": "specgenie.productattribute", "pk": 37, "fields": {"product": 8, "attribute": 2, "value": "4GB de RAM DDR4-2400 MHz (1 x 4 GB)"}}, {"model": "specgenie.productattribute", "pk": 38, "fields": {"product": 8, "attribute": 3, "value": "HDD 500GB"}}, {"model": "specgenie.productattribute", "pk": 39, "fields": {"product": 8, "attribute": 4, "value": "14 inches"}}, {"model": "specgenie.productattribute", "pk": 40, "fields": {"product": 8, "attribute": 5, "value": "Intel UHD 600"}}, {"model": "specgenie.productattribute", "pk": 41, "fields": {"product": 9, "attribute": 1, "value": "Intel Core i5 de 11ma Generacion"}}, {"model": "specgenie.productattribute", "pk": 42, "fields": {"product": 9, "attribute": 2, "value": "8 GB DDR4-SDRAM"}}, {"model": "specgenie.productattribute", "pk": 43, "fields": {"product": 9, "attribute": 3, "value": "SSD 256 GB"}}, {"model": "specgenie.productattribute", "pk": 44, "fields": {"product": 9, "attribute": 4, "value": "14 inches"}}, {"model": "specgenie.productattribute", "pk": 45, "fields": {"product": 9, "attribute": 5, "value": "Intel Iris Xe Graphics"}}, {"model": "specgenie.productattribute", "pk": 46, "fields": {"product": 10, "attribute": 1, "value": "Intel Core i3-1115G4 a 3,0 GHz (6M de cache, hasta 4,1 GHz, 2 nucleos)"}}, {"model": "specgenie.productattribute", "pk": 47, "fields": {"product": 10, "attribute": 2, "value": "8GB DDR4"}}, {"model": "specgenie.productattribute", "pk": 48, "fields": {"product": 10, "attribute": 3, "value": "SSD 256GB"}}, {"model": "specgenie.productattribute", "pk": 49, "fields": {"product": 10, "attribute": 4, "value": "14 inches"}}, {"model": "specgenie.productattribute", "pk": 50, "fields": {"product": 10, "attribute": 5, "value": "Intel UHD"}}, {"model": "specgenie.productattribute", "pk": 51, "fields": {"product": 11, "attribute": 6, "value": "77 inches"}}, {"model": "specgenie.productattribute", "pk": 52, "fields": {"product": 11, "attribute": 7, "value": "4K Ultra HD (3,840 x 2,160)"}}, {"model": "specgenie.productattribute", "pk": 53, "fields": {"product": 11, "attribute": 8, "value": "120Hz Native"}}, {"model": "specgenie.productattribute", "pk": 54, "fields": {"product": 11, "attribute": 9, "value": "Bluetooth 5.1 + Wi-Fi 5"}}, {"model": "specgenie.productattribute", "pk": 55, "fields": {"product": 11, "attribute": 10, "value": "4K OLED"}}, {"model": "specgenie.productattribute", "pk": 56, "fields": {"product": 12, "attribute": 6, "value": "55 inches"}}, {"model": "specgenie.productattribute", "pk": 57, "fields": {"product": 12, "attribute": 7, "value": "4K (3840  2160)"}}, {"model": "specgenie.productattribute", "pk": 58, "fields": {"product": 12, "attribute": 8, "value": "60Hz"}}, {"model": "specgenie.productattribute", "pk": 59, "fields": {"product": 12, "attribute": 9, "value": "Bluetooth 5.0 + Wi-Fi"}}, {"model": "specgenie.productattribute", "pk": 60, "fields": {"product": 12, "attribute": 10, "value": "QLED"}}, {"model": "specgenie.productattribute", "pk": 61, "fields": {"product": 13, "attribute": 6, "value": "43 inches"}}, {"model": "specgenie.productattribute", "pk": 62, "fields": {"product": 13, "attribute": 7, "value": "1920x1080p"}}, {"model": "specgenie.productattribute", "pk": 63, "fields": {"product": 13, "attribute": 8, "value": "60 Hz"}}, {"model": "specgenie.productattribute", "pk": 64, "fields": {"product": 13, "attribute": 9, "value": "Bluetooth 5.0 + Wi-Fi"}}, {"model": "specgenie.productattribute", "pk": 65, "fields": {"product": 13, "attribute": 10, "value": "LED Full HD"}}, {"model": "specgenie.productattribute", "pk": 66, "fields": {"product": 14, "attribute": 6, "value": "65 inches"}}, {"model": "specgenie.productattribute", "pk": 67, "fields": {"product": 14, "attribute": 7, "value": "3,840 x 2,160 (16:9)"}}, {"model": "specgenie.productattribute", "pk": 68, "fields": {"product": 14, "attribute": 8, "value": "60 Hz"}}, {"model": "specgenie.productattribute", "pk": 69, "fields": {"product": 14, "attribute": 9, "value": "Wi-Fi"}}, {"model": "specgenie.productattribute", "pk": 70, "fields": {"product": 14, "attribute": 10, "value": "LED"}}, {"model": "specgenie.productattribute", "pk": 71, "fields": {"product": 15, "attribute": 6, "value": "32 inches"}}, {"model": "specgenie.productattribute", "pk": 72, "fields": {"product": 15, "attribute": 7, "value": "HD (1366x768)"}}, {"model": "specgenie.productattribute", "pk": 73, "fields": {"product": 15, "attribute": 8, "value": "60 Hz"}}, {"model": "specgenie.productattribute", "pk": 74, "fields": {"product": 15, "attribute": 9, "value": "Wifi + Bluetooth"}}, {"model": "specgenie.productattribute", "pk": 75, "fields": {"product": 15, "attribute": 10, "value": "LED"}}, {"model": "specgenie.productattribute", "pk": 76, "fields": {"product": 16, "attribute": 6, "value": "32 inches"}}, {"model": "specgenie.productattribute", "pk": 77, "fields": {"product": 16, "attribute": 7, "value": "HD (1366x768)"}}, {"model": "specgenie.productattribute", "pk": 78, "fields": {"product": 16, "attribute": 8, "value": "60 Hz"}}, {"model": "specgenie.productattribute", "pk": 79, "fields": {"product": 16, "attribute": 9, "value": "Bluetooth - WIFI Dual Band (2,4GHz / 5G)"}}, {"model": "specgenie.productattribute", "pk": 80, "fields": {"product": 16, "attribute": 10, "value": "LED"}}, {"model": "specgenie.productattribute", "pk": 81, "fields": {"product": 17, "attribute": 6, "value": "32 inches"}}, {"model": "specgenie.productattribute", "pk": 82, "fields": {"product": 17, "attribute": 7, "value": "HD (1366x768)"}}, {"model": "specgenie.productattribute", "pk": 83, "fields": {"product": 17, "attribute": 8, "value": "60 Hz"}}, {"model": "specgenie.productattribute", "pk": 84, "fields": {"product": 17, "attribute": 9, "value": "Wi-Fi, USB, Video Composite, Ethernet, HDMI"}}, {"model": "specgenie.productattribute", "pk": 85, "fields": {"product": 17, "attribute": 10, "value": "LED"}}, {"model": "specgenie.productattribute", "pk": 86, "fields": {"product": 18, "attribute": 11, "value": "MediaTek Helio G80 (Octa-Core, 2x A75 @2.00 GHz + 6x A55 @1.80 GHz)"}}, {"model": "specgenie.productattribute", "pk": 87, "fields": {"product": 18, "attribute": 12, "value": "64 GB + microSD"}}, {"model": "specgenie.productattribute", "pk": 88, "fields": {"product": 18, "attribute": 13, "value": "10.6 inches"}}, {"model": "specgenie.productattribute", "pk": 89, "fields": {"product": 18, "attribute": 14, "value": "7700 mAh"}}, {"model": "specgenie.productattribute", "pk": 90, "fields": {"product": 18, "attribute": 15, "value": "No"}}, {"model": "specgenie.productattribute", "pk": 91, "fields": {"product": 19, "attribute": 11, "value": "Qualcomm Snapdragon 8 Gen 2"}}, {"model": "specgenie.productattribute", "pk": 92, "fields": {"product": 19, "attribute": 12, "value": "128 GB + microSD up to 1TB"}}, {"model": "specgenie.productattribute", "pk": 93, "fields": {"product": 19, "attribute": 13, "value": "27,9 cm (11 inches)"}}, {"model": "specgenie.productattribute", "pk": 94, "fields": {"product": 19, "attribute": 14, "value": "8400 mAh"}}, {"model": "specgenie.productattribute", "pk": 95, "fields": {"product": 19, "attribute": 15, "value": "No"}}, {"model": "specgenie.productattribute", "pk": 96, "fields": {"product": 20, "attribute": 11, "value": "Unisoc T610 (8C, 2x A75 a 1,8 GHz + 6x A55 a 1,8 GHz)"}}, {"model": "specgenie.productattribute", "pk": 97, "fields": {"product": 20, "attribute": 12, "value": "64 GB + microSD up to 128 GB"}}, {"model": "specgenie.productattribute", "pk": 98, "fields": {"product": 20, "attribute": 13, "value": "25,6 cm (10.1 inches)"}}, {"model": "specgenie.productattribute", "pk": 99, "fields": {"product": 20, "attribute": 14, "value": "5000 mAh"}}, {"model": "specgenie.productattribute", "pk": 100, "fields": {"product": 20, "attribute": 15, "value": "Yes/4G"}}, {"model": "specgenie.productattribute", "pk": 101, "fields": {"product": 21, "attribute": 11, "value": "Qualcomm Snapdragon MSM8953"}}, {"model": "specgenie.productattribute", "pk": 102, "fields": {"product": 21, "attribute": 12, "value": "32 GB + microSD"}}, {"model": "specgenie.productattribute", "pk": 103, "fields": {"product": 21, "attribute": 13, "value": "20,3 cm (8 inches)"}}, {"model": "specgenie.productattribute", "pk": 104, "fields": {"product": 21, "attribute": 14, "value": "8200 mAh"}}, {"model": "specgenie.productattribute", "pk": 105, "fields": {"product": 21, "attribute": 15, "value": "Yes/4G"}}, {"model": "specgenie.productattribute", "pk": 106, "fields": {"product": 22, "attribute": 11, "value": "Apple A13 Bionic (1800 MHz)"}}, {"model": "specgenie.productattribute", "pk": 107, "fields": {"product": 22, "attribute": 12, "value": "64 GB"}}, {"model": "specgenie.productattribute", "pk": 108, "fields": {"product": 22, "attribute": 13, "value": "25,9 cm (10.2 inches)"}}, {"model": "specgenie.productattribute", "pk": 109, "fields": {"product": 22, "attribute": 14, "value": "8557 mAh"}}, {"model": "specgenie.productattribute", "pk": 110, "fields": {"product": 22, "attribute": 15, "value": "No"}}, {"model": "specgenie.productattribute", "pk": 111, "fields": {"product": 23, "attribute": 11, "value": "Octa Core 1.6 Ghz"}}, {"model": "specgenie.productattribute", "pk": 112, "fields": {"product": 23, "attribute": 12, "value": "32 GB"}}, {"model": "specgenie.productattribute", "pk": 113, "fields": {"product": 23, "attribute": 13, "value": "10 inches (1280x800)"}}, {"model": "specgenie.productattribute", "pk": 114, "fields": {"product": 23, "attribute": 14, "value": "6000 mAh"}}, {"model": "specgenie.productattribute", "pk": 115, "fields": {"product": 23, "attribute": 15, "value": "Yes/4G"}}, {"model": "specgenie.productattribute", "pk": 116, "fields": {"product": 24, "attribute": 16, "value": "6"}}, {"model": "specgenie.productattribute", "pk": 117, "fields": {"product": 24, "attribute": 17, "value": "12"}}, {"model": "specgenie.productattribute", "pk": 118, "fields": {"product": 24, "attribute": 18, "value": "FCLGA1700"}}, {"model": "specgenie.productattribute", "pk": 119, "fields": {"product": 24, "attribute": 19, "value": "18 MB Intel Smart Cache, L2: 7.5 MB"}}, {"model": "specgenie.productattribute", "pk": 120, "fields": {"product": 24, "attribute": 20, "value": "No"}}, {"model": "specgenie.productattribute", "pk": 121, "fields": {"product": 25, "attribute": 16, "value": "6"}}, {"model": "specgenie.productattribute", "pk": 122, "fields": {"product": 25, "attribute": 17, "value": "12"}}, {"model": "specgenie.productattribute", "pk": 123, "fields": {"product": 25, "attribute": 18, "value": "FCLGA1700"}}, {"model": "specgenie.productattribute", "pk": 124, "fields": {"product": 25, "attribute": 19, "value": "18 MB Intel Smart Cache, L2: 7.5 MB"}}, {"model": "specgenie.productattribute", "pk": 125, "fields": {"product": 25, "attribute": 20, "value": "Intel UHD Graphics 730"}}, {"model": "specgenie.productattribute", "pk": 126, "fields": {"product": 26, "attribute": 16, "value": "4"}}, {"model": "specgenie.productattribute", "pk": 127, "fields": {"product": 26, "attribute": 17, "value": "8"}}, {"model": "specgenie.productattribute", "pk": 128, "fields": {"product": 26, "attribute": 18, "value": "FCLGA1200"}}, {"model": "specgenie.productattribute", "pk": 129, "fields": {"product": 26, "attribute": 19, "value": "6 MB Intel Smart Cache"}}, {"model": "specgenie.productattribute", "pk": 130, "fields": {"product": 26, "attribute": 20, "value": "Intel UHD Graphics 630"}}, {"model": "specgenie.productattribute", "pk": 131, "fields": {"product": 27, "attribute": 16, "value": "2"}}, {"model": "specgenie.productattribute", "pk": 132, "fields": {"product": 27, "attribute": 17, "value": "4"}}, {"model": "specgenie.productattribute", "pk": 133, "fields": {"product": 27, "attribute": 18, "value": "FCLGA1200"}}, {"model": "specgenie.productattribute", "pk": 134, "fields": {"product": 27, "attribute": 19, "value": "4 MB Intel Smart Cache"}}, {"model": "specgenie.productattribute", "pk": 135, "fields": {"product": 27, "attribute": 20, "value": "Intel UHD Graphics 610"}}, {"model": "specgenie.productattribute", "pk": 136, "fields": {"product": 28, "attribute": 16, "value": "6"}}, {"model": "specgenie.productattribute", "pk": 137, "fields": {"product": 28, "attribute": 17, "value": "12"}}, {"model": "specgenie.productattribute", "pk": 138, "fields": {"product": 28, "attribute": 18, "value": "AM5"}}, {"model": "specgenie.productattribute", "pk": 139, "fields": {"product": 28, "attribute": 19, "value": "L2: 6 MB, L3: 16 MB"}}, {"model": "specgenie.productattribute", "pk": 140, "fields": {"product": 28, "attribute": 20, "value": "AMD Radeon 740M"}}, {"model": "specgenie.productattribute", "pk": 141, "fields": {"product": 29, "attribute": 16, "value": "6"}}, {"model": "specgenie.productattribute", "pk": 142, "fields": {"product": 29, "attribute": 17, "value": "12"}}, {"model": "specgenie.productattribute", "pk": 143, "fields": {"product": 29, "attribute": 18, "value": "AM4"}}, {"model": "specgenie.productattribute", "pk": 144, "fields": {"product": 29, "attribute": 19, "value": "L2 Cache: 3MB, L3 Cache: 16MB"}}, {"model": "specgenie.productattribute", "pk": 145, "fields": {"product": 29, "attribute": 20, "value": "Radeon Graphics"}}, {"model": "specgenie.productattribute", "pk": 146, "fields": {"product": 30, "attribute": 16, "value": "16"}}, {"model": "specgenie.productattribute", "pk": 147, "fields": {"product": 30, "attribute": 17, "value": "32"}}, {"model": "specgenie.productattribute", "pk": 148, "fields": {"product": 30, "attribute": 18, "value": "AM5"}}, {"model": "specgenie.productattribute", "pk": 149, "fields": {"product": 30, "attribute": 19, "value": "L1 Cache: 1MB, L2 Cache: 16MB, L3 Cache: 64MB"}}, {"model": "specgenie.productattribute", "pk": 150, "fields": {"product": 30, "attribute": 20, "value": "AMD Radeon Graphics"}}, {"model": "specgenie.productattribute", "pk": 151, "fields": {"product": 31, "attribute": 16, "value": "8"}}, {"model": "specgenie.productattribute", "pk": 152, "fields": {"product": 31, "attribute": 17, "value": "16"}}, {"model": "specgenie.productattribute", "pk": 153, "fields": {"product": 31, "attribute": 18, "value": "AM5"}}, {"model": "specgenie.productattribute", "pk": 154, "fields": {"product": 31, "attribute": 19, "value": "L2 Cache: 8 MB, L3 Cache: 16 MB"}}, {"model": "specgenie.productattribute", "pk": 155, "fields": {"product": 31, "attribute": 20, "value": "AMD Radeon 780M"}}, {"model": "specgenie.productattribute", "pk": 156, "fields": {"product": 32, "attribute": 21, "value": "20 - 20000 Hz"}}, {"model": "specgenie.productattribute", "pk": 157, "fields": {"product": 32, "attribute": 22, "value": "117 dB"}}, {"model": "specgenie.productattribute", "pk": 158, "fields": {"product": 32, "attribute": 23, "value": "Over-Ear"}}, {"model": "specgenie.productattribute", "pk": 159, "fields": {"product": 32, "attribute": 24, "value": "Black"}}, {"model": "specgenie.productattribute", "pk": 160, "fields": {"product": 32, "attribute": 25, "value": "Wired"}}, {"model": "specgenie.productattribute", "pk": 161, "fields": {"product": 33, "attribute": 21, "value": "20 - 20000 Hz"}}, {"model": "specgenie.productattribute", "pk": 162, "fields": {"product": 33, "attribute": 22, "value": "95+-3dB"}}, {"model": "specgenie.productattribute", "pk": 163, "fields": {"product": 33, "attribute": 23, "value": "Over-Ear"}}, {"model": "specgenie.productattribute", "pk": 164, "fields": {"product": 33, "attribute": 24, "value": "Black"}}, {"model": "specgenie.productattribute", "pk": 165, "fields": {"product": 33, "attribute": 25, "value": "Wired"}}, {"model": "specgenie.productattribute", "pk": 166, "fields": {"product": 34, "attribute": 21, "value": "20 - 2000 Hz"}}, {"model": "specgenie.productattribute", "pk": 167, "fields": {"product": 34, "attribute": 22, "value": "99 dB"}}, {"model": "specgenie.productattribute", "pk": 168, "fields": {"product": 34, "attribute": 23, "value": "In-Ear"}}, {"model": "specgenie.productattribute", "pk": 169, "fields": {"product": 34, "attribute": 24, "value": "Storm Metallic"}}, {"model": "specgenie.productattribute", "pk": 170, "fields": {"product": 34, "attribute": 25, "value": "Wireless"}}, {"model": "specgenie.productattribute", "pk": 171, "fields": {"product": 35, "attribute": 21, "value": "200 - 20000 Hz"}}, {"model": "specgenie.productattribute", "pk": 172, "fields": {"product": 35, "attribute": 22, "value": "109+-3dB"}}, {"model": "specgenie.productattribute", "pk": 173, "fields": {"product": 35, "attribute": 23, "value": "Over-Ear"}}, {"model": "specgenie.productattribute", "pk": 174, "fields": {"product": 35, "attribute": 24, "value": "Black"}}, {"model": "specgenie.productattribute", "pk": 175, "fields": {"product": 35, "attribute": 25, "value": "Wireless"}}]
